title,link,postdate
Ranking the most-watched USWNT games on TV during 2019,https://worldsoccertalk.com/2019/12/30/ranking-watched-uswnt-games-tv-2019/,"December 30, 2019"
Ranking the most-watched USMNT games on TV during 2019,https://worldsoccertalk.com/2019/12/27/ranking-watched-usmnt-games-tv-2019/,"December 27, 2019"
"Most-watched soccer games on US TV for December 11-15, 2019",https://worldsoccertalk.com/2019/12/21/watched-soccer-games-us-tv-december-11-15-2019/,"December 21, 2019"
"Most-watched soccer games on US TV for December 3-9, 2019",https://worldsoccertalk.com/2019/12/12/watched-soccer-games-us-tv-december-3-9-2019/,"December 12, 2019"
Next MLS TV rights deal could be make or break for U.S. league,https://worldsoccertalk.com/2019/12/10/next-mls-tv-rights-deal-make-break-fledgling-league/,"December 10, 2019"
"Most-watched soccer games on US TV for November 14-December 1, 2019",https://worldsoccertalk.com/2019/12/08/watched-soccer-games-us-tv-november-14-december-1-2019/,"December 8, 2019"
"Most-watched soccer games on US TV for November 5-11, 2019",https://worldsoccertalk.com/2019/11/15/watched-soccer-games-us-tv-november-5-11-2019/,"November 15, 2019"
"Most-watched soccer games on US TV for October 28-November 3, 2019",https://worldsoccertalk.com/2019/11/12/watched-soccer-games-us-tv-october-28-november-3-2019/,"November 12, 2019"
Seattle-Toronto MLS Cup Final disappoints with 1.27 million viewers,https://worldsoccertalk.com/2019/11/11/seattle-toronto-mls-cup-final-disappoints-1-27-million-viewers/,"November 11, 2019"
"Most-watched soccer games on US TV for October 22-27, 2019",https://worldsoccertalk.com/2019/11/03/watched-soccer-games-us-tv-october-22-27-2019/,"November 3, 2019"
"LAFC-LA Galaxy scores 871,000 viewers for ESPN’s most-watched MLS playoff game ever",https://worldsoccertalk.com/2019/10/29/lafc-la-galaxy-scores-871000-viewers-espns-viewed-mls-playoff-game-ever/,"October 29, 2019"
"Most-watched soccer games on US TV for October 9-21, 2019",https://worldsoccertalk.com/2019/10/25/watched-soccer-games-us-tv-october-9-21-2019/,"October 25, 2019"
MLS TV ratings slump 19% during regular season; Playoffs take a nosedive,https://worldsoccertalk.com/2019/10/23/mls-tv-ratings-slump-19-regular-season-playoffs-take-nosedive/,"October 23, 2019"
"Most-watched soccer games on US TV for October 1-6, 2019",https://worldsoccertalk.com/2019/10/10/watched-soccer-games-us-tv-october-1-6-2019/,"October 10, 2019"
MLS 2019 viewership on ESPN grew by 2% compared to 2018,https://worldsoccertalk.com/2019/10/08/mls-2019-viewership-espn-grew-2-compared-2018/,"October 8, 2019"
"Most-watched soccer games on US TV for September 23-30, 2019",https://worldsoccertalk.com/2019/10/06/watched-soccer-games-us-tv-september-23-30-2019/,"October 6, 2019"
"MLS has a TV ratings problem, and it’s named FOX Soccer",https://worldsoccertalk.com/2019/10/03/mls-tv-ratings-problem-named-fox-soccer/,"October 3, 2019"
"Most-watched soccer games on US TV for September 3-22, 2019",https://worldsoccertalk.com/2019/09/28/watched-soccer-games-us-tv-september-3-22-2019/,"September 28, 2019"
MLS games drowned out by better quality and quantity of foreign leagues on TV,https://worldsoccertalk.com/2019/09/25/mls-games-drowned-better-quality-quantity-foreign-leagues-tv/,"September 25, 2019"
"Most-watched soccer games on US TV for August 27-September 1, 2019",https://worldsoccertalk.com/2019/09/07/watched-soccer-games-us-tv-august-27-september-1-2019/,"September 7, 2019"
"Most-watched soccer games on US TV for August 20-26, 2019",https://worldsoccertalk.com/2019/09/02/watched-soccer-games-us-tv-august-20-26-2019/,"September 2, 2019"
"Most-watched soccer games on US TV for August 14-19, 2019",https://worldsoccertalk.com/2019/08/22/watched-soccer-games-us-tv-august-14-19-2019/,"August 22, 2019"
Premier League viewership grew by 74% in last decade on US TV,https://worldsoccertalk.com/2019/08/21/premier-league-viewership-grew-74-last-decade-us-tv/,"August 21, 2019"
"Most-watched soccer games on US TV for August 1-11, 2019",https://worldsoccertalk.com/2019/08/15/watched-soccer-games-us-tv-august-1-11-2019/,"August 15, 2019"
"Most-watched soccer games on US TV for July 9-31, 2019",https://worldsoccertalk.com/2019/08/10/watched-soccer-games-us-tv-july-9-31-2019/,"August 10, 2019"
USWNT TV ratings for 2015-19 averaged 929K on US English-language television,https://worldsoccertalk.com/2019/07/13/uswnt-tv-ratings-2015-19-averaged-929k-us-english-language-television/,"July 13, 2019"
"Most-watched soccer games on US TV for June 24-July 7, 2019",https://worldsoccertalk.com/2019/07/10/watched-soccer-games-us-tv-june-24-july-7-2019/,"July 10, 2019"
"Record 29.5 million watched Women’s World Cup, Gold Cup and Copa America finals in USA",https://worldsoccertalk.com/2019/07/10/record-29-5-million-watched-womens-world-cup-gold-cup-copa-america-finals-usa/,"July 10, 2019"
USA-Mexico Gold Cup Final scores 8.7 million viewers on FS1 and Univision combined,https://worldsoccertalk.com/2019/07/09/usa-mexico-gold-cup-final-scores-8-7-million-viewers-fs1-univision-combined/,"July 9, 2019"
Brazil-Peru Copa America Final scores 3.1 million viewers on Telemundo,https://worldsoccertalk.com/2019/07/08/brazil-peru-copa-america-final-scores-3-1-million-viewers-telemundo/,"July 8, 2019"
15.8 million watched Women’s World Cup Final on US television and streaming,https://worldsoccertalk.com/2019/07/08/15-million-watched-womens-world-cup-final-on-us-television-and-streaming/,"July 8, 2019"
USWNT-England hits 8.4 million viewers to break several records,https://worldsoccertalk.com/2019/07/07/uswnt-england-hits-8-4-million-viewers-break-several-records/,"July 7, 2019"
"Most-watched soccer games on US TV for June 17-23, 2019",https://worldsoccertalk.com/2019/06/30/watched-soccer-games-us-tv-june-17-23-2019/,"June 30, 2019"
"Most-watched soccer games on US TV for June 10-16, 2019",https://worldsoccertalk.com/2019/06/21/watched-soccer-games-us-tv-june-10-16-2019/,"June 21, 2019"
Univision Deportes breaks several Champions League records in debut TV season,https://worldsoccertalk.com/2019/06/18/univision-deportes-breaks-several-champions-league-records-debut-tv-season/,"June 18, 2019"
Copa America opening weekend averages 1.1 million viewers across Telemundo,https://worldsoccertalk.com/2019/06/17/copa-america-opening-weekend-averages-1-million-viewers-across-telemundo/,"June 17, 2019"
USWNT-Chile hits 6.2 million viewers on Telemundo and FOX combined,https://worldsoccertalk.com/2019/06/17/uswnt-chile-hits-6-million-viewers-on-telemundo-and-fox-combined/,"June 17, 2019"
5.3 million watch USA-Chile Women’s World Cup triumph on FOX,https://worldsoccertalk.com/2019/06/17/5-3-million-watch-usa-chile-womens-world-cup-triumph-fox/,"June 17, 2019"
USA-Thailand Women’s World Cup game scores 2.7 million viewers on FOX,https://worldsoccertalk.com/2019/06/14/usa-thailand-womens-world-cup-game-scores-2-7-million-viewers-fox/,"June 14, 2019"
"Most-watched soccer games on US TV for May 27-June 9, 2019",https://worldsoccertalk.com/2019/06/13/watched-soccer-games-us-tv-may-27-june-9-2019/,"June 13, 2019"
Women’s World Cup opening weekend posts impressive TV ratings,https://worldsoccertalk.com/2019/06/11/womens-world-cup-opening-weekend-posts-impressive-tv-ratings/,"June 11, 2019"
Champions League Final scores 2.9 million viewers for Liverpool-Spurs game on US TV,https://worldsoccertalk.com/2019/06/04/champions-league-final-scores-2-9-million-viewers-liverpool-spurs-game-us-tv/,"June 4, 2019"
"Most-watched soccer games on US TV for May 15-26, 2019",https://worldsoccertalk.com/2019/05/31/watched-soccer-games-us-tv-may-15-26-2019/,"May 31, 2019"
Liga MX Clausura Final delivers 3.7 million viewers on Univision Deportes,https://worldsoccertalk.com/2019/05/29/liga-mx-clausura-final-delivers-3-7-million-viewers-univision-deportes/,"May 29, 2019"
"Most-watched soccer games on US TV for May 7-12, 2019",https://worldsoccertalk.com/2019/05/16/watched-soccer-games-us-tv-may-7-12-2019/,"May 16, 2019"
"Most-watched soccer games on US TV for April 30-May 6, 2019",https://worldsoccertalk.com/2019/05/11/watched-soccer-games-us-tv-april-30-may-6-2019/,"May 11, 2019"
"Most-watched soccer games on US TV for April 16-29, 2019",https://worldsoccertalk.com/2019/05/02/watched-soccer-games-us-tv-april-16-29-2019/,"May 2, 2019"
MLS is a TV ratings disaster in New York City,https://worldsoccertalk.com/2019/04/25/mls-tv-ratings-disaster-new-york-city/,"April 25, 2019"
USMNT viewing audiences for 2014-17 World Cup qualifying cycle,https://worldsoccertalk.com/2019/04/21/usmnt-viewing-audiences-2014-17-world-cup-qualifying-cycle/,"April 21, 2019"
"Most-watched soccer games on US TV for April 10-15, 2019",https://worldsoccertalk.com/2019/04/19/watched-soccer-games-us-tv-april-10-15-2019/,"April 19, 2019"
"Most-watched soccer games on US TV for April 2-8, 2019",https://worldsoccertalk.com/2019/04/12/watched-soccer-games-us-tv-april-2-8-2019/,"April 12, 2019"
MLS fails to close TV ratings gap with Premier League and Liga MX,https://worldsoccertalk.com/2019/04/10/mls-fails-close-tv-ratings-gap-premier-league-liga-mx/,"April 10, 2019"
Which league’s TV ratings declined the most after the World Cup?,https://worldsoccertalk.com/2019/04/08/leagues-tv-ratings-declined-world-cup/,"April 8, 2019"
"Most-watched soccer games on US TV for March 20-April 1, 2019",https://worldsoccertalk.com/2019/04/04/watched-soccer-games-us-tv-march-20-april-1-2019/,"April 4, 2019"
"Most-watched soccer games on US TV for March 5-18, 2019",https://worldsoccertalk.com/2019/03/22/watched-soccer-games-us-tv-march-5-18-2019/,"March 22, 2019"
"Most-watched soccer games on US TV for February 26 to March 4, 2019",https://worldsoccertalk.com/2019/03/08/watched-soccer-games-us-tv-february-26-march-4-2019/,"March 8, 2019"
"MLS begins 2019 season with disappointing TV ratings on ESPN, FS1 and Univision",https://worldsoccertalk.com/2019/03/05/mls-begins-2019-season-disappointing-tv-ratings-espn-fs1-univision/,"March 5, 2019"
"Most-watched soccer games on US TV for February 18-24, 2019",https://worldsoccertalk.com/2019/03/01/watched-soccer-games-us-tv-february-18-24-2019/,"March 1, 2019"
"Most-watched soccer games on US TV for February 11-17, 2019",https://worldsoccertalk.com/2019/02/23/watched-soccer-games-us-tv-february-11-17-2019/,"February 23, 2019"
"Most-watched soccer games on US TV for February 6-10, 2019",https://worldsoccertalk.com/2019/02/15/watched-soccer-games-us-tv-february-6-10-2019/,"February 15, 2019"
"Most-watched soccer games on US TV for January 29-February 4, 2019",https://worldsoccertalk.com/2019/02/08/watched-soccer-games-us-tv-january-29-february-4-2019/,"February 8, 2019"
"Most-watched soccer games on US TV for January 18-28, 2019",https://worldsoccertalk.com/2019/02/01/watched-soccer-games-us-tv-january-18-28-2019/,"February 1, 2019"
"Most-watched soccer games on US TV for January 1-14, 2019",https://worldsoccertalk.com/2019/01/17/watched-soccer-games-us-tv-january-1-14-2019/,"January 17, 2019"
"Most-watched soccer games on US TV for December 18-30, 2018",https://worldsoccertalk.com/2019/01/06/watched-soccer-games-us-tv-december-18-30-2018/,"January 6, 2019"
"Most-watched soccer games on US TV for December 11-16, 2018",https://worldsoccertalk.com/2018/12/21/watched-soccer-games-us-tv-december-11-16-2018/,"December 21, 2018"
Liga MX dominates US with 4.8 million viewers for América-Cruz Azul final on Univision,https://worldsoccertalk.com/2018/12/20/liga-mx-dominates-us-with-4-million-viewers-for-america-cruz-azul-final-on-univision/,"December 20, 2018"
USWNT TV viewership declines 20% in 2018,https://worldsoccertalk.com/2018/12/20/uswnt-tv-viewership-declines-20-2018/,"December 20, 2018"
USMNT TV ratings sink 47% in bleak 2018 for US Soccer Federation,https://worldsoccertalk.com/2018/12/19/usmnt-tv-ratings-sink-47-bleak-2018-us-soccer-federation/,"December 19, 2018"
"Most-watched soccer games on US TV for December 5-10, 2018",https://worldsoccertalk.com/2018/12/13/watched-soccer-games-us-tv-december-5-10-2018/,"December 13, 2018"
Historic River-Boca final watched by 1.15 million viewers on US TV,https://worldsoccertalk.com/2018/12/11/historic-river-boca-final-watched-1-15-million-viewers-us-tv/,"December 11, 2018"
Most-watched MLS Cup Finals of all-time on US TV,https://worldsoccertalk.com/2018/12/11/watched-mls-cup-finals-time-us-tv/,"December 11, 2018"
MLS Cup Final hits 1.5 million viewers on FOX for Atlanta triumph over Portland,https://worldsoccertalk.com/2018/12/11/mls-cup-final-hits-1-million-viewers-on-fox-for-atlanta-triumph-over-portland/,"December 11, 2018"
"Most-watched soccer games on US TV for November 27-December 2, 2018",https://worldsoccertalk.com/2018/12/07/watched-soccer-games-us-tv-november-27-december-2-2018/,"December 7, 2018"
"Most-watched soccer games on US TV for November 13-26, 2018",https://worldsoccertalk.com/2018/11/30/watched-soccer-games-us-tv-november-13-26-2018/,"November 30, 2018"
El Clásico on beIN SPORTS boosted by OTT viewing numbers,https://worldsoccertalk.com/2018/11/19/el-clasico-bein-sports-boosted-ott-viewing-numbers/,"November 19, 2018"
"Most-watched soccer games on US TV for October 29-November 11, 2018",https://worldsoccertalk.com/2018/11/18/watched-soccer-games-us-tv-october-29-november-11-2018/,"November 18, 2018"
Barcelona-Real Madrid Clásico TV rating down 35% on beIN SPORTS,https://worldsoccertalk.com/2018/11/05/barcelona-real-madrid-clasico-tv-ratings-down-35-percent-on-bein-sports/,"November 5, 2018"
"Most-watched soccer games on US TV for October 22-28, 2018",https://worldsoccertalk.com/2018/11/02/watched-soccer-games-us-tv-october-22-28-2018/,"November 2, 2018"
"Most-watched soccer games on US TV for October 10-21, 2018",https://worldsoccertalk.com/2018/10/25/watched-soccer-games-us-tv-october-10-21-2018/,"October 25, 2018"
"Most-watched soccer games on US TV for September 25-October 7, 2018",https://worldsoccertalk.com/2018/10/19/watched-soccer-games-us-tv-september-25-october-7-2018/,"October 19, 2018"
"Most-watched soccer games on US TV for September 18-23, 2018",https://worldsoccertalk.com/2018/09/29/watched-soccer-games-us-tv-september-18-23-2018/,"September 29, 2018"
"Most-watched soccer games on US TV for September 6-16, 2018",https://worldsoccertalk.com/2018/09/21/watched-soccer-games-us-tv-september-6-16-2018/,"September 21, 2018"
Liverpool-PSG Champions League scores 1 million viewers across Univision and TNT,https://worldsoccertalk.com/2018/09/19/liverpool-psg-champions-league-scores-1-million-viewers-across-univision-tnt/,"September 19, 2018"
"Most-watched soccer games on US TV for August 22-September 2, 2018",https://worldsoccertalk.com/2018/09/08/watched-soccer-games-us-tv-august-22-september-2-2018/,"September 8, 2018"
"Most-watched soccer games on US TV for August 15-20, 2018",https://worldsoccertalk.com/2018/08/25/watched-soccer-games-us-tv-august-15-20-2018/,"August 25, 2018"
"Most-watched soccer games on US TV for August 7-12, 2018",https://worldsoccertalk.com/2018/08/18/watched-soccer-games-us-tv-august-7-12-2018/,"August 18, 2018"
"Most-watched soccer games on US TV for July 30-August 5, 2018",https://worldsoccertalk.com/2018/08/09/watched-soccer-games-us-tv-july-30-august-5-2018/,"August 9, 2018"
"Most-watched soccer games on US TV for July 19-29, 2018",https://worldsoccertalk.com/2018/08/02/watched-soccer-games-us-tv-july-19-29-2018/,"August 2, 2018"
"Most-watched soccer games on US TV for July 6-15, 2018",https://worldsoccertalk.com/2018/07/21/watched-soccer-games-us-tv-july-6-15-2018/,"July 21, 2018"
World Cup Final delivers 17 million viewers across FOX and Telemundo combined,https://worldsoccertalk.com/2018/07/17/world-cup-final-delivers-16-million-viewers-across-fox-telemundo-combined/,"July 17, 2018"
Telemundo’s World Cup coverage reached 36 million TV viewers,https://worldsoccertalk.com/2018/07/17/telemundos-world-cup-coverage-reached-36-million-tv-viewers/,"July 17, 2018"
"Most-watched soccer games on US TV for June 25-July 3, 2018",https://worldsoccertalk.com/2018/07/07/watched-soccer-games-us-tv-june-25-july-3-2018/,"July 7, 2018"
World Cup TV ratings continue to exceed 4 million per game on US TV,https://worldsoccertalk.com/2018/07/06/world-cup-tv-ratings-continue-exceed-4-million-per-game-us-tv/,"July 6, 2018"
"Most-watched soccer games on US TV for June 20-24, 2018",https://worldsoccertalk.com/2018/06/29/watched-soccer-games-us-tv-june-20-24-2018/,"June 29, 2018"
World Cup surpasses 1 billion minutes livestreamed via Telemundo,https://worldsoccertalk.com/2018/06/29/world-cup-surpasses-1-billion-minutes-livestreamed-via-telemundo/,"June 29, 2018"
FOX beating Telemundo in World Cup TV ratings,https://worldsoccertalk.com/2018/06/28/fox-beating-telemundo-world-cup-tv-ratings/,"June 28, 2018"
Colombia-Poland scores 7.9 million viewers on FOX and Telemundo,https://worldsoccertalk.com/2018/06/25/colombia-poland-scores-7-9-million-viewers-fox-telemundo/,"June 25, 2018"
Germany-Sweden tops 8.8 million on FOX and Telemundo combined,https://worldsoccertalk.com/2018/06/24/germany-sweden-tops-8-8-million-fox-telemundo-combined/,"June 24, 2018"
Whopping 11 million watch Mexico-Korea on Telemundo and FOX combined,https://worldsoccertalk.com/2018/06/24/whopping-11-million-watch-mexico-korea-telemundo-fox-combined/,"June 24, 2018"
"Most-watched soccer games on US TV for June 2-19, 2018",https://worldsoccertalk.com/2018/06/22/watched-soccer-games-us-tv-june-2-19-2018/,"June 22, 2018"
World Cup averaging 3.7 million viewers on US TV,https://worldsoccertalk.com/2018/06/22/world-cup-averaging-3-7-million-viewers-us-tv/,"June 22, 2018"
Telemundo beating FOX in World Cup TV ratings battle,https://worldsoccertalk.com/2018/06/20/telemundo-beating-fox-world-cup-tv-ratings-battle/,"June 20, 2018"
Brazil-Switzerland scores 8.4 million viewers on FS1 and Telemundo,https://worldsoccertalk.com/2018/06/19/brazil-switzerland-scores-8-4-million-viewers-fs1-telemundo/,"June 19, 2018"
Mexico-Germany World Cup game tops 11 million viewers on Telemundo and FOX combined,https://worldsoccertalk.com/2018/06/18/mexico-germany-world-cup-game-tops-11-million-viewers-telemundo-fox-combined/,"June 18, 2018"
Real Madrid-Liverpool Champions League Final climbs to over 3 million viewers,https://worldsoccertalk.com/2018/06/04/real-madrid-liverpool-champions-league-final-climbs-3-million-viewers/,"June 4, 2018"
"Most-watched soccer games on US TV for May 14-28, 2018",https://worldsoccertalk.com/2018/06/02/watched-soccer-games-us-tv-may-14-28-2018/,"June 2, 2018"
Liverpool-Real Madrid surpasses 2 million viewers on FOX’s final Champions League broadcast,https://worldsoccertalk.com/2018/05/31/liverpool-real-madrid-surpasses-2-million-viewers-foxs-final-champions-league-broadcast/,"May 31, 2018"
"Most-watched soccer games on US TV for May 7-13, 2018",https://worldsoccertalk.com/2018/05/17/watched-soccer-games-us-tv-may-7-13-2018/,"May 17, 2018"
"Most-watched soccer games on US TV for May 1-6, 2018",https://worldsoccertalk.com/2018/05/10/watched-soccer-games-us-tv-may-1-6-2018/,"May 10, 2018"
beIN SPORTS scores 1.4 million viewers for Barca-Real Madrid el Clásico,https://worldsoccertalk.com/2018/05/09/bein-sports-scores-1-4-million-viewers-barca-real-madrid-el-clasico/,"May 9, 2018"
"Most-watched soccer games on US TV for April 25-29, 2018",https://worldsoccertalk.com/2018/05/04/watched-soccer-games-us-tv-april-25-29-2018/,"May 4, 2018"
"Most-watched soccer games on US TV for April 17-22, 2018",https://worldsoccertalk.com/2018/04/26/watched-soccer-games-us-tv-april-17-22-2018/,"April 26, 2018"
"Most-watched soccer games on US TV for April 10-15, 2018",https://worldsoccertalk.com/2018/04/20/watched-soccer-games-us-tv-april-10-15-2018/,"April 20, 2018"
MLS TV ratings a concern given they account for just 6% of soccer TV viewing,https://worldsoccertalk.com/2018/04/19/mls-tv-ratings-concern-given-account-just-6-soccer-tv-viewing/,"April 19, 2018"
"Most-watched soccer games on US TV for April 3-8, 2018",https://worldsoccertalk.com/2018/04/12/watched-soccer-games-us-tv-april-3-8-2018/,"April 12, 2018"
Top 10 most-watched Premier League games in US TV history,https://worldsoccertalk.com/2018/04/10/top-10-watched-premier-league-games-us-tv-history/,"April 10, 2018"
Man City-Man United derby delivers 1.7 million viewers to break all-time US TV record,https://worldsoccertalk.com/2018/04/10/man-city-man-united-derby-delivers-1-7-million-viewers-break-time-us-tv-record/,"April 10, 2018"
"Most-watched soccer games on US TV for March 24-April 1, 2018",https://worldsoccertalk.com/2018/04/06/watched-soccer-games-us-tv-march-24-april-1-2018/,"April 6, 2018"
"Most-watched soccer games on US TV for March 14-18, 2018",https://worldsoccertalk.com/2018/03/23/watched-soccer-games-us-tv-march-14-18-2018/,"March 23, 2018"
"Most-watched soccer games on US TV for March 5-11, 2018",https://worldsoccertalk.com/2018/03/17/watched-soccer-games-us-tv-march-5-11-2018/,"March 17, 2018"
"Most-watched soccer games on US TV for March 1-4, 2018",https://worldsoccertalk.com/2018/03/08/watched-soccer-games-us-tv-march-1-4-2018/,"March 8, 2018"
"LaLiga TV ratings surge as 750,000 watch Barcelona-Atleti game on beIN SPORTS",https://worldsoccertalk.com/2018/03/08/laliga-tv-ratings-surge-750000-watch-barcelona-atleti-game-bein-sports/,"March 8, 2018"
Univision delivers mammoth 2.5 million viewers for Chivas vs. América Superclásico,https://worldsoccertalk.com/2018/03/07/univision-delivers-mammoth-2-5-million-viewers-america-vs-chivas-superclasico/,"March 7, 2018"
"Most-watched soccer games on US TV for February 2-27, 2018",https://worldsoccertalk.com/2018/03/05/watched-soccer-games-us-tv-february-2-27-2018/,"March 5, 2018"
NBC’s Man City-Leicester broadcast is most-watched game in more than 12 months,https://worldsoccertalk.com/2018/02/13/nbc-broadcast-man-city-leicester-game-breaks-new-viewing-record/,"February 13, 2018"
"Most-watched soccer games on US TV for January 11-22, 2018",https://worldsoccertalk.com/2018/01/25/watched-soccer-games-us-tv-january-11-22/,"January 25, 2018"
beIN SPORTS viewership increases by 9% during 2017,https://worldsoccertalk.com/2018/01/19/bein-sports-viewership-increases-9-2017/,"January 19, 2018"
Most-watched soccer games on US TV for December 26-January 7,https://worldsoccertalk.com/2018/01/12/watched-soccer-games-us-tv-december-26-january-7/,"January 12, 2018"
Premier League game on NBC breaks million viewers for 6th week in row,https://worldsoccertalk.com/2018/01/03/premier-league-game-nbc-breaks-million-viewers-6th-week-row/,"January 3, 2018"
"Most-watched soccer games on US TV for December 7-23, 2017",https://worldsoccertalk.com/2017/12/29/watched-soccer-games-us-tv-december-7-23-2017/,"December 29, 2017"
"Real Madrid-Barcelona el Clásico nets 845,000 viewers on beIN SPORTS",https://worldsoccertalk.com/2017/12/29/real-madrid-barcelona-el-clasico-nets-845000-viewers-bein-sports/,"December 29, 2017"
Leicester-Man United scores 1.17 million viewers on NBC Sports,https://worldsoccertalk.com/2017/12/28/leicester-man-united-scores-1-17-million-viewers-nbc-sports/,"December 28, 2017"
4.9 million watch Tigres-Monterrey Liga MX final on Univision,https://worldsoccertalk.com/2017/12/12/4-million-watch-tigres-monterrey-liga-mx-final-on-univision/,"December 12, 2017"
Man Utd-Man City viewership beats MLS Cup final by 18%,https://worldsoccertalk.com/2017/12/12/man-utd-man-city-viewership-beats-mls-cup-final-18-espn-univision/,"December 12, 2017"
2017 MLS Cup final viewership drops 43% across ESPN and Univision Deportes,https://worldsoccertalk.com/2017/12/12/2017-mls-cup-final-viewership-drops-43-across-espn-univision-deportes/,"December 12, 2017"
"Most-watched soccer games on US TV for November 21-December 3, 2017",https://worldsoccertalk.com/2017/12/10/watched-soccer-games-us-tv-november-21-december-3-2017/,"December 10, 2017"
Arsenal-Manchester United game surpasses 1 million viewers on NBC and Universo,https://worldsoccertalk.com/2017/12/07/arsenal-manchester-united-game-surpasses-1-million-viewers-nbc-universo/,"December 7, 2017"
MLS audience jumps 38% for MLS Cup Playoffs across ESPN and ESPN2,https://worldsoccertalk.com/2017/12/04/mls-audience-jumps-38-mls-cup-playoffs-across-espn-espn2/,"December 4, 2017"
TV ratings for US Women’s National Team in 2017,https://worldsoccertalk.com/2017/11/27/tv-ratings-us-womens-national-team-2017/,"November 27, 2017"
"Most-watched soccer games on US TV for November 9-19, 2017",https://worldsoccertalk.com/2017/11/27/watched-soccer-games-us-tv-november-9-19-2017/,"November 27, 2017"
TV ratings for US Men’s National Team down 15% in 2017,https://worldsoccertalk.com/2017/11/27/tv-ratings-us-mens-national-team-15-2017/,"November 27, 2017"
NBC network scores best Premier League viewing figure since September,https://worldsoccertalk.com/2017/11/24/nbc-network-scores-best-premier-league-viewing-figure-since-september/,"November 24, 2017"
Watch Taylor Twellman’s short-sighted defense of MLS TV ratings [VIDEO],https://worldsoccertalk.com/2017/11/22/watch-taylor-twellmans-short-sighted-defense-mls-tv-ratings-video/,"November 22, 2017"
"Most-watched soccer games on US TV for October 31-November 5, 2017",https://worldsoccertalk.com/2017/11/14/watched-soccer-games-us-tv-october-31-november-5-2017/,"November 14, 2017"
"Most-watched soccer games on US TV for October 25-31, 2017",https://worldsoccertalk.com/2017/11/04/watched-soccer-games-us-tv-october-25-31-2017/,"November 4, 2017"
"Most-watched soccer games on US TV for October 13-22, 2017",https://worldsoccertalk.com/2017/10/27/watched-soccer-games-us-tv-october-13-22-2017/,"October 27, 2017"
"Most-watched soccer games on US TV for October 5-11, 2017",https://worldsoccertalk.com/2017/10/13/watched-soccer-games-us-tv-october-5-11-2017/,"October 13, 2017"
"Most-watched soccer games on US TV for September 25-October 1, 2017",https://worldsoccertalk.com/2017/10/05/watched-soccer-games-us-tv-september-25-october-1-2017/,"October 5, 2017"
"Most-watched soccer games on US TV for September 19-24, 2017",https://worldsoccertalk.com/2017/09/29/watched-soccer-games-us-tv-september-19-24-2017/,"September 29, 2017"
"Most-watched soccer games on US TV for September 11-17, 2017",https://worldsoccertalk.com/2017/09/21/most-watched-soccer-games-on-us-tv-for-september-11-17-2017/,"September 21, 2017"
"Most-watched soccer games on US TV for September 5-10, 2017",https://worldsoccertalk.com/2017/09/15/watched-soccer-games-us-tv-september-5-10-2017/,"September 15, 2017"
"Most-watched soccer games on US TV for August 29-September 4, 2017",https://worldsoccertalk.com/2017/09/09/watched-soccer-games-us-tv-august-29-september-4-2017/,"September 9, 2017"
"Most-watched soccer games on US TV for August 21-27, 2017",https://worldsoccertalk.com/2017/09/01/watched-soccer-games-us-tv-august-21-27-2017/,"September 1, 2017"
Two Premier League matches break one million viewers on US TV,https://worldsoccertalk.com/2017/08/30/two-premier-league-matches-break-one-million-viewers-us-tv/,"August 30, 2017"
"Most-watched soccer games on US TV for August 15-20, 2017",https://worldsoccertalk.com/2017/08/24/most-watched-soccer-games-on-us-tv-for-august-15-20-2017/,"August 24, 2017"
"Most-watched soccer games on US TV for August 8-13, 2017",https://worldsoccertalk.com/2017/08/17/watched-soccer-games-us-tv-august-8-13-2017/,"August 17, 2017"
Manchester United-West Ham tops 1 million viewers on NBCSN and Telemundo,https://worldsoccertalk.com/2017/08/15/manchester-united-west-ham-tops-1-million-viewers-nbcsn-telemundo/,"August 15, 2017"
"Most-watched soccer games on US TV for August 1-6, 2017",https://worldsoccertalk.com/2017/08/11/watched-soccer-games-us-tv-august-1-6-2017/,"August 11, 2017"
"Most-watched soccer games on US TV for July 25-30, 2017",https://worldsoccertalk.com/2017/08/04/watched-soccer-games-us-tv-july-25-30-2017/,"August 4, 2017"
ESPN scores 1.7 million viewers for el Clásico Miami between Barcelona and Real Madrid,https://worldsoccertalk.com/2017/08/01/espn-scores-1-7-million-el-clasico-miami-barcelona-real-madrid/,"August 1, 2017"
"Most-watched soccer games on US TV for July 18-23, 2017",https://worldsoccertalk.com/2017/07/27/watched-soccer-games-us-tv-july-18-23-2017/,"July 27, 2017"
"Most-watched soccer games on US TV for July 12-17, 2017",https://worldsoccertalk.com/2017/07/19/watched-soccer-games-us-tv-july-12-17-2017/,"July 19, 2017"
"Most-watched soccer games on US TV for July 6-9, 2017",https://worldsoccertalk.com/2017/07/14/watched-soccer-games-us-tv-july-6-9-2017/,"July 14, 2017"
"Most-watched soccer games on US TV for June 28-July 2, 2017",https://worldsoccertalk.com/2017/07/07/most-watched-soccer-games-on-us-tv-for-june-28-july-2-2017/,"July 7, 2017"
Telemundo Deportes averaged record 1.2 million viewers for Confederations Cup tournament,https://worldsoccertalk.com/2017/07/03/telemundo-deportes-averaged-record-1-2-million-viewers-confederations-cup-tournament/,"July 3, 2017"
Telemundo outperforming FOX Sports by 229% in Confederations Cup viewing numbers,https://worldsoccertalk.com/2017/07/01/telemundo-outperforming-fox-sports-229-confederations-cup-viewing-numbers/,"July 1, 2017"
"Most-watched soccer games on US TV for June 21-28, 2017",https://worldsoccertalk.com/2017/06/30/most-watched-soccer-games-on-us-tv-for-june-21-28-2017/,"June 30, 2017"
"Most-watched soccer games on US TV for June 13-19, 2017",https://worldsoccertalk.com/2017/06/24/watched-soccer-games-us-tv-june-13-19-2017/,"June 24, 2017"
"Most-watched soccer games on US TV for June 7-11, 2017",https://worldsoccertalk.com/2017/06/15/watched-soccer-games-us-tv-june-7-11-2017/,"June 15, 2017"
"Most-watched soccer games on US TV for May 29-June 4, 2017",https://worldsoccertalk.com/2017/06/10/watched-soccer-games-us-tv-may-29-june-4-2017/,"June 10, 2017"
Real Madrid-Juventus Champions League final totalled 3 million viewers on FOX and FOX Deportes,https://worldsoccertalk.com/2017/06/06/real-madrid-juventus-champions-league-final-totalled-3-million-viewers-fox-fox-deportes/,"June 6, 2017"
"Most-watched soccer games on US TV for May 24-29, 2017",https://worldsoccertalk.com/2017/06/01/watched-soccer-games-us-tv-may-24-29-2017/,"June 1, 2017"
Most popular Premier League clubs on US television based on average viewership,https://worldsoccertalk.com/2017/06/01/popular-premier-league-clubs-us-television-based-average-viewership/,"June 1, 2017"
San Jose-LA Galaxy scores best MLS TV viewing audience of 2017 thus far,https://worldsoccertalk.com/2017/05/31/san-jose-la-galaxy-scores-best-mls-tv-viewing-audience-2017-thus-far/,"May 31, 2017"
"Seattle-Portland MLS game on FOX averaged 554,000 viewers",https://worldsoccertalk.com/2017/05/31/seattle-portland-mls-game-fox-averaged-554000-viewers/,"May 31, 2017"
"Arsenal-Chelsea FA Cup Final on FOX watched by 984,000 soccer fans",https://worldsoccertalk.com/2017/05/31/arsenal-chelsea-fa-cup-final-fox-watched-984000-soccer-fans/,"May 31, 2017"
Univision scores 2.8 million viewers for Chivas-Tigres Liga MX final second-leg,https://worldsoccertalk.com/2017/05/30/univision-scores-2-8-million-viewers-chivas-tigres-liga-mx-final-second-leg/,"May 30, 2017"
"Most-watched soccer games on US TV for May 15-21, 2017",https://worldsoccertalk.com/2017/05/27/watched-soccer-games-us-tv-may-15-21-2017/,"May 27, 2017"
"Most-watched soccer games on US TV for May 8-14, 2017",https://worldsoccertalk.com/2017/05/18/watched-soccer-games-us-tv-may-8-14-2017/,"May 18, 2017"
"Most-watched soccer games on US TV for May 1-7, 2017",https://worldsoccertalk.com/2017/05/12/watched-soccer-games-us-tv-may-1-7-2017/,"May 12, 2017"
MLS reveals strategic plan to improve TV ratings in US,https://worldsoccertalk.com/2017/05/11/mls-reveals-strategic-plan-improve-tv-ratings-us/,"May 11, 2017"
"Most-watched soccer games on US TV for April 25-30, 2017",https://worldsoccertalk.com/2017/05/06/watched-soccer-games-us-tv-april-25-30-2017/,"May 6, 2017"
"Most-watched soccer games on US TV for April 17-23, 2017",https://worldsoccertalk.com/2017/04/29/most-watched-soccer-games-on-us-tv-for-april-17-23-2017/,"April 29, 2017"
el Clásico watched by 1.6 million viewers on beIN SPORTS in the United States,https://worldsoccertalk.com/2017/04/27/el-clasico-watched-1-6-million-viewers-bein-sports-united-states/,"April 27, 2017"
"Most-watched soccer games on US TV for April 10-16, 2017",https://worldsoccertalk.com/2017/04/20/watched-soccer-games-us-tv-april-10-16-2017/,"April 20, 2017"
"Debut NWSL game on Lifetime scores less than 100,000 viewers",https://worldsoccertalk.com/2017/04/18/debut-nwsl-game-lifetime-scores-less-100000-viewers/,"April 18, 2017"
Crystal Palace-Leicester viewing number beats Orlando-LA Galaxy MLS game on FOX,https://worldsoccertalk.com/2017/04/18/crystal-palace-leicester-viewing-number-beats-orlando-la-galaxy-mls-game-fox/,"April 18, 2017"
"Most-watched soccer games on US TV for April 3-9, 2017",https://worldsoccertalk.com/2017/04/15/watched-soccer-games-us-tv-april-3-9-2017/,"April 15, 2017"
La Liga sees 16% percent increase in viewership on beIN SPORTS en Español,https://worldsoccertalk.com/2017/04/07/la-liga-sees-16-percent-increase-viewership-bein-sports-en-espanol/,"April 7, 2017"
"Most-watched soccer games on US TV for March 31-April 2, 2017",https://worldsoccertalk.com/2017/04/06/most-watched-soccer-games-on-us-tv-for-march-31-april-2-2017/,"April 6, 2017"
MLS TV ratings down 8% compared to last season,https://worldsoccertalk.com/2017/04/06/mls-tv-ratings-8-percent-compared-last-season/,"April 6, 2017"
"Most-watched soccer games on US TV for March 23-28, 2017",https://worldsoccertalk.com/2017/03/31/watched-soccer-games-us-tv-march-23-28-2017/,"March 31, 2017"
Telemundo and Universo net 1.41 million viewers for Panama-USA World Cup qualifier,https://worldsoccertalk.com/2017/03/30/telemundo-universo-net-1-41-million-viewers-panama-usa-world-cup-qualifier/,"March 30, 2017"
USA-Honduras game scores 1.6 million viewers on Univision,https://worldsoccertalk.com/2017/03/28/usa-honduras-game-scores-1-6-million-viewers-univision/,"March 28, 2017"
"Most-watched soccer games on US TV for March 13-19, 2017",https://worldsoccertalk.com/2017/03/24/watched-soccer-games-us-tv-march-13-19-2017/,"March 24, 2017"
NBC Sports scores more than 1 million viewers for Man City-Liverpool game,https://worldsoccertalk.com/2017/03/24/nbc-sports-scores-1-million-viewers-man-city-liverpool-game/,"March 24, 2017"
"Most-watched soccer games on US TV for March 7-12, 2017",https://worldsoccertalk.com/2017/03/18/watched-soccer-games-us-tv-march-7-12-2017/,"March 18, 2017"
"Most-watched soccer games on US TV for February 28-March 6, 2017",https://worldsoccertalk.com/2017/03/09/watched-soccer-games-us-tv-february-28-march-6-2017/,"March 9, 2017"
MLS opener between Portland-Minnesota scores disappointing TV ratings on FS1,https://worldsoccertalk.com/2017/03/06/mls-opener-portland-minnesota-scores-disappointing-tv-ratings-fs1/,"March 6, 2017"
"Two La Liga games on beIN SPORTS surpass 500,000 viewers last Sunday",https://worldsoccertalk.com/2017/03/04/two-la-liga-games-bein-sports-surpass-500000-viewers-last-sunday/,"March 4, 2017"
"Most-watched soccer games on US TV for February 21-26, 2017",https://worldsoccertalk.com/2017/03/04/watched-soccer-games-us-tv-february-21-26-2017/,"March 4, 2017"
"Most-watched soccer games on US TV for February 14-20, 2017",https://worldsoccertalk.com/2017/02/24/watched-soccer-games-us-tv-february-14-20-2017/,"February 24, 2017"
2.4 million soccer fans watched Chivas-Club America Súper Clásico on Univision,https://worldsoccertalk.com/2017/02/22/2-million-soccer-fans-watched-chivas-club-america-super-clasico-on-univision/,"February 22, 2017"
"Most-watched soccer games on US TV for February 7-13, 2017",https://worldsoccertalk.com/2017/02/17/watched-soccer-games-us-tv-february-7-13-2017/,"February 17, 2017"
"Most-watched soccer games on US TV for January 31-February 6, 2017",https://worldsoccertalk.com/2017/02/10/watched-soccer-games-us-tv-january-31-february-6-2017/,"February 10, 2017"
"Most-watched soccer games on US TV for January 24-30, 2017",https://worldsoccertalk.com/2017/02/02/watched-soccer-games-us-tv-january-24-30-2017/,"February 2, 2017"
Most-watched MLS teams on US TV during the 2016 season,https://worldsoccertalk.com/2017/02/01/watched-mls-teams-us-tv-2016-season/,"February 1, 2017"
Liga MX continues to generate monster viewing numbers on US TV,https://worldsoccertalk.com/2017/01/27/liga-mx-continues-generate-monster-viewing-numbers-us-tv/,"January 27, 2017"
"Most-watched soccer games on US TV for January 17-23, 2017",https://worldsoccertalk.com/2017/01/26/watched-soccer-games-us-tv-january-17-23-2017/,"January 26, 2017"
Premier League game on NBC scores 1 million+ viewers for 4th week in row,https://worldsoccertalk.com/2017/01/26/premier-league-game-nbc-scores-1-million-viewers-4th-week-row/,"January 26, 2017"
Bundesliga on FOX Sports suffers worst Friday viewing number since September,https://worldsoccertalk.com/2017/01/26/bundesliga-fox-sports-suffers-worst-friday-viewing-number-since-september/,"January 26, 2017"
"Most-watched soccer games on US TV for January 10-16, 2017",https://worldsoccertalk.com/2017/01/19/watched-soccer-games-us-tv-january-10-16-2017/,"January 19, 2017"
NBC posts impressive viewing numbers for Manchester United-Liverpool match,https://worldsoccertalk.com/2017/01/19/nbc-breaks-record-watched-premier-league-game-us-tv-history/,"January 19, 2017"
Univision Deportes scores most-viewed Liga MX match ever in Saturday night timeslot,https://worldsoccertalk.com/2017/01/18/univision-deportes-scores-viewed-liga-mx-match-ever-saturday-night-timeslot/,"January 18, 2017"
Univision Deportes ends 2016 with record-breaking ratings,https://worldsoccertalk.com/2017/01/14/univision-deportes-ends-2016-record-breaking-ratings/,"January 14, 2017"
"Most-watched soccer games on US TV for January 2-9, 2017",https://worldsoccertalk.com/2017/01/13/watched-soccer-games-us-tv-january-2-9-2017/,"January 13, 2017"
"Most-watched soccer games on US TV for week of December 27-January 1, 2017",https://worldsoccertalk.com/2017/01/06/watched-soccer-games-us-tv-week-december-27-january-1-2017/,"January 6, 2017"
MLS TV ratings do best when other soccer leagues aren’t playing,https://worldsoccertalk.com/2017/01/05/mls-tv-ratings-best-soccer-leagues-arent-playing/,"January 5, 2017"
MLS TV ratings do 17% worse in prime time than daytime games,https://worldsoccertalk.com/2017/01/04/mls-tv-ratings-worse-primetime/,"January 4, 2017"
"Most-watched soccer games on US TV for week of December 20-26, 2016",https://worldsoccertalk.com/2016/12/29/watched-soccer-games-us-tv-week-december-20-26-2016/,"December 29, 2016"
Record-breaking 6 million watch Liga MX Final on Univision featuring America-Tigres,https://worldsoccertalk.com/2016/12/29/univision-breaks-record-6-million-watch-liga-mx-final-featuring-america-tigres/,"December 29, 2016"
MLS accounted for only 7% of soccer TV viewing from August-December,https://worldsoccertalk.com/2016/12/28/mls-accounted-7-soccer-tv-viewing-august-december/,"December 28, 2016"
"Most-watched soccer games on US TV for week of December 13-19, 2016",https://worldsoccertalk.com/2016/12/22/watched-soccer-games-us-tv-week-december-13-19-2016/,"December 22, 2016"
beIN SPORTS sees TV ratings surge in November due to World Cup qualifiers,https://worldsoccertalk.com/2016/12/20/bein-sports-sees-tv-ratings-surge-november-due-to-world-cup-qualifiers/,"December 20, 2016"
"Most-watched soccer games on US TV for week of December 6 to 12, 2016",https://worldsoccertalk.com/2016/12/16/watched-soccer-games-us-tv-week-december-6-12-2016/,"December 16, 2016"
MLS faces uphill battle trying to improve lagging TV ratings,https://worldsoccertalk.com/2016/12/15/mls-faces-uphill-battle-trying-improve-lagging-tv-ratings/,"December 15, 2016"
2016 MLS Cup final TV rating glosses over unbearable game that won’t attract new fans,https://worldsoccertalk.com/2016/12/13/2016-mls-cup-final-tv-rating-glosses-unbearable-game-wont-attract-new-fans/,"December 13, 2016"
Where the 2016 MLS Cup ranks in TV ratings against previous finals,https://worldsoccertalk.com/2016/12/13/2016-mls-cup-ranks-tv-ratings-previous-finals/,"December 13, 2016"
2016 MLS Cup final scores 1.4 million viewers for game on FOX network,https://worldsoccertalk.com/2016/12/13/2016-mls-cup-final-scores-1-4-million-viewers-game-fox-network/,"December 13, 2016"
"Most-watched soccer games on US TV for week of November 29-December 5, 2016",https://worldsoccertalk.com/2016/12/07/watched-soccer-games-us-tv-week-november-29-december-5/,"December 7, 2016"
beIN SPORTS nets 1.4 million viewers for el Clasico between Barcelona and Real Madrid,https://worldsoccertalk.com/2016/12/06/bein-sports-el-clasico-tv-ratings/,"December 6, 2016"
"Most-watched soccer games on US TV for week of November 22-29, 2016",https://worldsoccertalk.com/2016/12/01/watched-soccer-games-us-tv-week-november-22-29-2016/,"December 1, 2016"
"Most-watched soccer games on US TV for week of November 18-21, 2016",https://worldsoccertalk.com/2016/11/23/watched-soccer-games-us-tv-week-november-18-21/,"November 23, 2016"
"Dortmund vs. Bayern Munich game scores more than 400,000 viewers on FOX",https://worldsoccertalk.com/2016/11/23/dortmund-vs-bayern-munich-game-scores-400000-viewers-fox/,"November 23, 2016"
"Most-watched soccer games on US TV for week of November 9-16, 2016",https://worldsoccertalk.com/2016/11/17/watched-soccer-games-us-tv-week-november-9-16-2016/,"November 17, 2016"
TV ratings for US Men’s National Team increase 32% in 2016 after Copa America boost,https://worldsoccertalk.com/2016/11/17/tv-ratings-us-mens-national-team-increase-32-2016-copa-america-boost/,"November 17, 2016"
USA-Mexico nets 5.3 million viewers on FS1 and Univision for World Cup qualifier,https://worldsoccertalk.com/2016/11/14/usa-mexico-nets-5-million-viewers-on-fs1-and-univision-for-world-cup-qualifier/,"November 14, 2016"
"beIN SPORTS surpasses 550,000 viewers for most-watched La Liga game of season",https://worldsoccertalk.com/2016/11/11/most-watched-la-liga-game-us-tv-bein-sports/,"November 11, 2016"
"Most-watched soccer games on US TV for week of November 1-6, 2016",https://worldsoccertalk.com/2016/11/10/watched-soccer-games-us-tv-week-november-1-6-2016/,"November 10, 2016"
Premier League TV viewership down 19% on NBC Sports in the US,https://worldsoccertalk.com/2016/11/09/usa-premier-league-tv-viewership-down-19-percent-nbc/,"November 9, 2016"
"Most-watched soccer games on US TV for week of October 26-31, 2016",https://worldsoccertalk.com/2016/11/04/watched-soccer-games-us-tv-week-october-26-31-2016/,"November 4, 2016"
MLS Knockout Round viewership down 10% on TV,https://worldsoccertalk.com/2016/10/30/mls-knockout-round-viewership-10-prtcent/,"October 30, 2016"
Club America-Chivas Copa MX semi-final was most-watched Copa MX match ever,https://worldsoccertalk.com/2016/10/30/club-america-chivas-copa-mx-semi-final-watched-copa-mx-match-ever/,"October 30, 2016"
"Most-watched soccer games on US TV for week of October 17-23, 2016",https://worldsoccertalk.com/2016/10/27/watched-soccer-games-us-tv-week-october-17-23-2016/,"October 27, 2016"
MLS TV ratings on Univision increase 1.3% in 2016 regular season,https://worldsoccertalk.com/2016/10/25/mls-tv-ratings-univision-increase-1-percent-2016-regular-season/,"October 25, 2016"
MLS games on ESPN see 25% increase in viewers compared to 2015,https://worldsoccertalk.com/2016/10/25/mls-games-espn-see-25-increase-viewers-compared-2015/,"October 25, 2016"
FOX Sports’ MLS viewing numbers increased 37% in 2016 compared to last year,https://worldsoccertalk.com/2016/10/25/fox-sports-mls-viewing-numbers-increased-37-percent/,"October 25, 2016"
2016 MLS TV ratings soar compared to last season,https://worldsoccertalk.com/2016/10/25/2016-mls-tv-ratings/,"October 25, 2016"
"Most-watched soccer games on US TV for week of October 12-17, 2016",https://worldsoccertalk.com/2016/10/20/watched-soccer-games-us-tv-week-october-12-17-2016/,"October 20, 2016"
MLS playoff race registers two least-viewed games on ESPN for entire season,https://worldsoccertalk.com/2016/10/20/mls-registers-two-least-viewed-games-espn-season/,"October 20, 2016"
"Most-watched soccer games on US TV for week of October 3-11, 2016",https://worldsoccertalk.com/2016/10/14/watched-soccer-games-us-tv-october-3-11-2016/,"October 14, 2016"
"Viewing numbers for soccer games on US TV for week of Sept. 27-Oct. 3, 2016",https://worldsoccertalk.com/2016/10/06/viewing-numbers-soccer-games-us-tv-week-sept-27-oct-3-2016/,"October 6, 2016"
"Viewing numbers for soccer games on US TV for week of Sept. 20-26, 2016",https://worldsoccertalk.com/2016/09/29/viewing-numbers-soccer-games-us-tv-week-sept-20-26-2016/,"September 29, 2016"
MLS breaks 1 million viewers for second time this season; Soccer TV ratings roundup,https://worldsoccertalk.com/2016/09/22/mls-breaks-1-million-viewers-second-time-season-soccer-tv-ratings-roundup/,"September 22, 2016"
"Viewing numbers for soccer games on US TV for week of Sept. 9-11, 2016",https://worldsoccertalk.com/2016/09/15/viewing-numbers-soccer-games-us-tv-week-sept-9-11-2016/,"September 15, 2016"
NASL game beats college football debut on beIN SPORTS,https://worldsoccertalk.com/2016/09/09/nasl-game-beats-college-football-debut-bein-sports/,"September 9, 2016"
"Viewing numbers for soccer games on US TV for week of Sept. 1-6, 2016",https://worldsoccertalk.com/2016/09/09/viewing-numbers-soccer-games-us-tv-week-sept-1-6-2016/,"September 9, 2016"
Mexico vs. Honduras averaged 3 million viewers on Univision Deportes,https://worldsoccertalk.com/2016/09/08/mexico-vs-honduras-averaged-3-million-viewers-univision-deportes/,"September 8, 2016"
"Viewing numbers for soccer games on US TV for week of August 22-28, 2016",https://worldsoccertalk.com/2016/09/01/viewing-numbers-soccer-games-us-tv-week-august-22-28-2016/,"September 1, 2016"
FOX posts worst-ever viewing number for Bundesliga over-the-air game,https://worldsoccertalk.com/2016/08/31/fox-posts-worst-ever-viewing-number-bundesliga-air-game/,"August 31, 2016"
1.9 million tune in to watch Club America vs. Chivas on Univision and Univision Deportes,https://worldsoccertalk.com/2016/08/30/1-9-million-tune-watch-club-america-vs-chivas-univision-univision-deportes/,"August 30, 2016"
NBC’s Hull vs. Manchester United broadcast tops 1.1 million viewers,https://worldsoccertalk.com/2016/08/30/nbcs-hull-vs-manchester-united-broadcast-tops-1-1-million-viewers/,"August 30, 2016"
Opening game of 2016/17 Bundesliga season on FOX Sports gets off to slow start,https://worldsoccertalk.com/2016/08/30/opening-game-201617-bundesliga-season-fox-sports-gets-off-slow-start/,"August 30, 2016"
TV viewing figures for La Liga and Serie A opening weekend; Weekly TV ratings roundup,https://worldsoccertalk.com/2016/08/26/tv-viewing-figures-la-liga-serie-opening-weekend-weekly-tv-ratings-roundup/,"August 26, 2016"
FOX Sports hits low with their worst ever MLS TV ratings,https://worldsoccertalk.com/2016/08/18/fox-sports-hits-low-worst-mls-tv-ratings-ever/,"August 18, 2016"
NBCSN’s Arsenal-Liverpool most-watched opening weekend cable TV match ever,https://worldsoccertalk.com/2016/08/15/nbcs-arsenal-liverpool-watched-epl-opening-weekend-match-ever/,"August 15, 2016"
MLS suffers worst weekend of season for TV viewing audiences,https://worldsoccertalk.com/2016/08/11/mls-suffers-worst-weekend-season-tv-viewing-audiences/,"August 11, 2016"
NBC nets 3.6 million viewers for USA-Colombia women’s Olympic game,https://worldsoccertalk.com/2016/08/10/nbc-nets-3-6-million-viewers-usa-colombia-womens-olympic-game/,"August 10, 2016"
NBC scores 2.9 million viewers for USA-France women’s Olympic game,https://worldsoccertalk.com/2016/08/08/nbc-scores-2-9-million-viewers-usa-france-womens-olympic-game/,"August 8, 2016"
NBCSN scores 1.3 million viewers for US women’s soccer game against New Zealand,https://worldsoccertalk.com/2016/08/04/nbcsn-scores-1-3-million-viewers-us-womens-soccer-game-new-zealand/,"August 4, 2016"
"American soccer TV viewing figures for July 25-31, 2016",https://worldsoccertalk.com/2016/08/03/american-soccer-tv-viewing-figures-july-25-31-2016/,"August 3, 2016"
"Most popular soccer leagues on US television, ranked",https://worldsoccertalk.com/2016/08/02/popular-soccer-leagues-us-television-ranked/,"August 2, 2016"
"A brief history of the World Cup, European Championship and Copa America on US TV",https://worldsoccertalk.com/2016/08/01/brief-history-world-cup-european-championship-copa-america-us-tv/,"August 1, 2016"
"MLS’s improved TV ratings on FOX and ESPN are welcome, but they’re only baby steps",https://worldsoccertalk.com/2016/07/28/mls-improved-tv-ratings-on-fox-and-espn-are-welcome-but-theyre-only-baby-steps/,"July 28, 2016"
Spanish-language viewing numbers for Euro 2016 on ESPN Deportes,https://worldsoccertalk.com/2016/07/14/spanish-language-viewing-numbers-euro-2016-espn-deportes/,"July 14, 2016"
Viewing audiences for ESPN’s Euro 2016 end in a dead heat against FOX’s Copa America,https://worldsoccertalk.com/2016/07/13/viewing-audiences-espns-euro-2016-end-dead-heat-foxs-copa-america/,"July 13, 2016"
Most-watched Copa America Centenario teams on US TV,https://worldsoccertalk.com/2016/07/02/watched-teams-copa-america-based-tv-viewing-audiences/,"July 2, 2016"
Most-watched Copa America Centenario games on US TV,https://worldsoccertalk.com/2016/07/02/watched-copa-america-centenario-games-us-tv/,"July 2, 2016"
FOX and Univision’s Copa America games averaged over 4 million viewers per game,https://worldsoccertalk.com/2016/07/01/copa-america-centenario-averaged-4-million-viewers-per-game-across-fox-univision/,"July 1, 2016"
Most-watched Copa America Centenario games on FOX Sports,https://worldsoccertalk.com/2016/07/01/watched-copa-america-centenario-games-fox-sports/,"July 1, 2016"
FOX Sports averages 997k viewers for Copa America Centenario TV coverage,https://worldsoccertalk.com/2016/07/01/fox-sports-averages-997k-viewers-copa-america-centenario-tv-coverage/,"July 1, 2016"
ESPN averaging 815k viewers for Euro 2016 matches,https://worldsoccertalk.com/2016/06/30/espn-averaging-815k-viewers-euro-2016-matches/,"June 30, 2016"
MLS game scores 1 million viewers for first time since 2008,https://worldsoccertalk.com/2016/06/29/mls-game-scores-1-million-viewers-first-time-since-2008/,"June 29, 2016"
Most-watched Copa America Centenario games on Univision,https://worldsoccertalk.com/2016/06/28/watched-copa-america-centenario-games-univision/,"June 28, 2016"
Univision’s Copa America coverage averaged 3.1 million viewers per game,https://worldsoccertalk.com/2016/06/28/univisions-copa-america-coverage-averaged-3-1-million-viewers-per-game/,"June 28, 2016"
ESPN averages 1.25 million viewers for weekend Euro 2016 games,https://worldsoccertalk.com/2016/06/28/espn-scores-impressive-viewing-numbers-euro-2016-coverage/,"June 28, 2016"
Univision finishes Copa America Centenario with 6.8 million viewers for Argentina-Chile,https://worldsoccertalk.com/2016/06/27/univision-finishes-copa-america-centenario-6-8-million-viewers-argentina-chile/,"June 27, 2016"
2.9 million watch Argentina-Chile Copa America final on FOX Sports 1,https://worldsoccertalk.com/2016/06/27/3-million-watch-argentina-chile-copa-america-final-fox-sports-1/,"June 27, 2016"
Copa America Centenario is a runaway TV hit for Univision and a boost to FOX Sports,https://worldsoccertalk.com/2016/06/24/copa-america-centenario-runaway-tv-hit-univision-boost-fox-sports/,"June 24, 2016"
USA vs. Argentina semi-final nets 8 million viewers,https://worldsoccertalk.com/2016/06/22/usa-vs-argentina-semi-final-nets-8-million-viewers/,"June 22, 2016"
FOX Sports nets 2.1 million viewers for USA vs. Ecuador Copa America quarter-final,https://worldsoccertalk.com/2016/06/17/fox-sports-scores-1-million-viewers-usa-vs-ecuador-copa-america-quarter-final/,"June 17, 2016"
Most-watched Copa America Centenario games on US TV after 24 games,https://worldsoccertalk.com/2016/06/16/watched-copa-america-centenario-games-us-tv-24-games/,"June 16, 2016"
Viewing numbers for ESPN Deportes’ opening weekend of Euro 2016 TV coverage,https://worldsoccertalk.com/2016/06/16/viewing-numbers-espn-deportes-opening-weekend-euro-2016-tv-coverage/,"June 16, 2016"
Viewership numbers for every Copa America Centenario Group Stage game,https://worldsoccertalk.com/2016/06/16/viewership-numbers-every-copa-america-centenario-group-stage-game/,"June 16, 2016"
ESPN leads FOX Sports in viewers for Euro 2016 against Copa America,https://worldsoccertalk.com/2016/06/14/espn-leads-fox-sports-viewers-euro-2016-copa-america/,"June 14, 2016"
"ESPN2 draws 662,000 viewers for Euro 2016 opener between France-Romania",https://worldsoccertalk.com/2016/06/13/espn2-draws-552000-viewers-euro-2016-opener-france-romania/,"June 13, 2016"
USA vs. Paraguay draws 4.4 million on TV in Copa America Centenario,https://worldsoccertalk.com/2016/06/12/4-4-million-watch-usas-copa-america-victory-paraguay/,"June 12, 2016"
Univision leading the way in Copa America TV ratings with FOX Sports trailing behind,https://worldsoccertalk.com/2016/06/11/univision-leading-way-copa-america-tv-ratings-fox-sports-trailing-behind/,"June 11, 2016"
"FOX Sports 1 averaging 869,000 viewers for Copa America Centenario games",https://worldsoccertalk.com/2016/06/08/fox-sports-1-averaging-869000-viewers-copa-america-centenario/,"June 8, 2016"
Univision averaging 2.9 million viewers per game in opening Copa America weekend,https://worldsoccertalk.com/2016/06/06/univision-averaging-2-9-million-viewers-per-game-opening-copa-america-weekend/,"June 6, 2016"
Champions League final between Real Madrid and Atletico Madrid nets 3 million viewers,https://worldsoccertalk.com/2016/06/06/champions-league-final-real-madrid-atletico-madrid-nets-3-million-viewers/,"June 6, 2016"
Over 1.5 million watched USA vs. Colombia on FOX Sports 1 in Copa America opener,https://worldsoccertalk.com/2016/06/05/1-5-million-watched-usa-vs-colombia-fox-sports-1-copa-america-opening-game/,"June 5, 2016"
MLS fails to make positive impression on TV ratings during big soccer weekend,https://worldsoccertalk.com/2016/05/26/mls-fails-make-positive-impression-tv-ratings-big-soccer-weekend/,"May 26, 2016"
FOX’s Man United-Crystal Palace FA Cup Final scores best-ever viewing audience,https://worldsoccertalk.com/2016/05/26/man-united-crystal-palace-fa-cup-final-fox-scores-best-rating-since/,"May 26, 2016"
MLS’s first game on FOX broadcast TV breaks 500k barrier for New York derby,https://worldsoccertalk.com/2016/05/26/major-league-soccers-first-live-game-free-air-fox-xxx/,"May 26, 2016"
"Most-watched live soccer games on US TV for week of May 13-18, 2016",https://worldsoccertalk.com/2016/05/19/watched-live-soccer-games-us-tv-week-may-13-18-2016/,"May 19, 2016"
NBC Sports breaks record for most successful season of Premier League coverage,https://worldsoccertalk.com/2016/05/19/nbc-sports-premier-league-record-breaking/,"May 19, 2016"
Overnight TV ratings for Championship Sunday increase 10% compared to last year,https://worldsoccertalk.com/2016/05/16/overnight-tv-ratings-championship-sunday-increase-10-compared-last-year/,"May 16, 2016"
Chivas-America Súper Clásico is most-viewed club soccer match in cable history,https://worldsoccertalk.com/2016/05/16/chivas-america-super-clasico-viewed-club-soccer-match-cable-history/,"May 16, 2016"
"Most-watched live soccer games on US TV for weekend of May 6-11, 2016",https://worldsoccertalk.com/2016/05/13/most-watched-live-soccer-games-on-us-tv-for-weekend-of-may-6-11-2016/,"May 13, 2016"
Top 10 most-watched Premier League games on US TV this season,https://worldsoccertalk.com/2016/05/07/top-10-most-watched-premier-league-games-on-us-tv-this-season/,"May 7, 2016"
"Most-watched live soccer games on US TV for weekend of April 29 to May 2, 2016",https://worldsoccertalk.com/2016/05/05/most-watched-live-soccer-games-on-us-tv-for-weekend-of-april-29-to-may-2-2016/,"May 5, 2016"
NBCSN posts best ever Premier League overnight TV rating,https://worldsoccertalk.com/2016/05/02/nbcsn-posts-best-ever-premier-league-overnight-tv-rating/,"May 2, 2016"
Most popular Premier League clubs on US TV,https://worldsoccertalk.com/2016/04/30/viewing-audiences-for-premier-league-clubs-on-us-tv/,"April 30, 2016"
MLS TV viewing numbers have increased 15% so far this season,https://worldsoccertalk.com/2016/04/29/mls-tv-viewing-numbers-have-increased-15-so-far-this-season/,"April 29, 2016"
"Most-watched live soccer games on US TV for weekend of April 22-25, 2016",https://worldsoccertalk.com/2016/04/28/most-watched-live-soccer-games-on-us-tv-for-weekend-of-april-22-25-2016/,"April 28, 2016"
Most-watched live soccer games on US TV for weekend of April 15-18,https://worldsoccertalk.com/2016/04/21/most-watched-live-soccer-games-on-us-tv-for-weekend-of-april-15-18/,"April 21, 2016"
Most-watched live soccer games on US TV for weekend of April 8-10,https://worldsoccertalk.com/2016/04/14/most-watched-live-soccer-games-on-us-tv-for-weekend-of-april-8-10/,"April 14, 2016"
"Most-watched live soccer games on US TV for weekend of April 1-3, 2016",https://worldsoccertalk.com/2016/04/07/most-watched-live-soccer-games-on-us-tv-for-weekend-of-april-1-3-2016/,"April 7, 2016"
El Clasico scores 1.9 million viewers on beIN SPORTS and beIN SPORTS en Espanol,https://worldsoccertalk.com/2016/04/05/el-clasico-scores-1-9-million-viewers-on-bein-sports-and-bein-sports-en-espanol/,"April 5, 2016"
Most-watched soccer games on US TV for weekend of March 18-20,https://worldsoccertalk.com/2016/03/24/most-watched-soccer-games-on-us-tv-for-weekend-of-march-18-20/,"March 24, 2016"
Man City vs. Man United ranks as most-watched Manchester derby ever on US TV,https://worldsoccertalk.com/2016/03/21/man-city-vs-man-united-ranks-as-most-watched-manchester-derby-ever-on-us-tv/,"March 21, 2016"
Most-watched soccer games on US TV for weekend of March 11-13,https://worldsoccertalk.com/2016/03/16/most-watched-soccer-games-on-us-tv-for-weekend-of-march-11-13/,"March 16, 2016"
MLS TV viewing numbers drop 40% compared to opening weekend,https://worldsoccertalk.com/2016/03/15/mls-tv-viewing-numbers-drop-40-compared-to-opening-weekend/,"March 15, 2016"
MLS TV viewing audiences decline 11% for opening weekend,https://worldsoccertalk.com/2016/03/09/mls-tv-viewing-audiences-decline-11-for-opening-weekend/,"March 9, 2016"
Most-watched live soccer games on US TV for weekend of March 4-6,https://worldsoccertalk.com/2016/03/09/most-watched-live-soccer-games-on-us-tv-for-weekend-of-march-4-6/,"March 9, 2016"
Most-watched live soccer games on US TV for weekend of 2/12 to 2/14,https://worldsoccertalk.com/2016/02/18/most-watched-live-soccer-games-on-us-tv-for-weekend-of-212-to-214/,"February 18, 2016"
NBC’s EPL leads the way with most-watched soccer games on US TV last weekend,https://worldsoccertalk.com/2016/02/11/nbcs-epl-leads-the-way-with-most-watched-soccer-games-on-us-tv-last-weekend/,"February 11, 2016"
Excuses won’t help Bundesliga in TV ratings battle between FOX and NBC,https://worldsoccertalk.com/2016/02/10/excuses-wont-help-bundesliga-in-tv-ratings-battle-between-fox-and-nbc/,"February 10, 2016"
"Bundesliga nets 318,000 viewers on FOX Deportes for Leverkusen-Bayern Munich",https://worldsoccertalk.com/2016/02/09/bundesliga-nets-318000-viewers-on-fox-deportes-for-leverkusen-bayern-munich/,"February 9, 2016"
FOX and Bundesliga dealt blow as Leverkusen-Munich ratings fail to beat EPL on NBC,https://worldsoccertalk.com/2016/02/08/fox-and-bundesliga-dealt-blow-as-leverkusen-munich-ratings-fail-to-beat-epl-on-nbc/,"February 8, 2016"
Perspective needed on FOX’s record-breaking Bundesliga number for Stuttgart-Hamburg,https://worldsoccertalk.com/2016/02/04/perspective-needed-on-foxs-record-breaking-bundesliga-number-for-stuttgart-hamburg/,"February 4, 2016"
Viewing audience for NBC’s Crystal Palace documentary grows by 89%,https://worldsoccertalk.com/2016/01/28/viewing-audience-for-nbcs-crystal-palace-documentary-grows-by-89/,"January 28, 2016"
Why are Bundesliga US TV ratings so poor?,https://worldsoccertalk.com/2016/01/28/why-are-bundesliga-us-tv-ratings-so-poor/,"January 28, 2016"
Aston Villa vs. Leicester City scores 1 million viewers on NBC,https://worldsoccertalk.com/2016/01/22/aston-villa-vs-leicester-city-game-scores-1-million-viewers-on-nbc/,"January 22, 2016"
Premier League and Liga MX post record-breaking 2015 viewing numbers on US TV,https://worldsoccertalk.com/2015/12/23/premier-league-and-liga-mx-post-record-breaking-2015-viewing-numbers-on-us-tv/,"December 23, 2015"
MLS sees 38% decline in 2015 MLS Cup TV viewing numbers,https://worldsoccertalk.com/2015/12/09/mls-sees-38-decline-in-2015-mls-cup-tv-viewing-numbers/,"December 9, 2015"
"2015 MLS Cup scores 874,000 total viewers for Columbus-Portland final",https://worldsoccertalk.com/2015/12/08/2015-mls-cup-scores-874000-total-viewers-for-columbus-portland-final/,"December 8, 2015"
More than 1.8 million soccer fans in US watched El Clasico across beIN SPORTS networks,https://worldsoccertalk.com/2015/11/24/more-than-1-8-million-soccer-fans-in-us-watch-el-clasico-across-bein-sports-networks/,"November 24, 2015"
Premier League sees 150% increase in US audience size on NBC compared to FOX/ESPN,https://worldsoccertalk.com/2015/10/29/premier-league-sees-150-rise-in-us-audience-size-on-nbc-compared-to-foxespn/,"October 29, 2015"
MLS TV numbers increase on FOX Sports and ESPN for 2015 regular season,https://worldsoccertalk.com/2015/10/27/fox-sports-and-espn-both-see-gains-in-mls-tv-viewership-compared-to-last-season/,"October 27, 2015"
Univision scores impressive MLS viewing numbers in debut season of TV deal,https://worldsoccertalk.com/2015/10/27/univision-scores-impressive-mls-viewing-numbers-in-debut-season-of-tv-deal/,"October 27, 2015"
Men In Blazers suffering from declining TV viewing numbers on NBCSN,https://worldsoccertalk.com/2015/10/26/men-in-blazers-suffering-from-declining-tv-viewing-figures-on-nbcsn/,"October 26, 2015"
FOX Sports nets 1.5 million viewers for USA vs. Mexico CONCACAF Cup game,https://worldsoccertalk.com/2015/10/13/fox-sports-nets-1-5-million-viewers-for-usa-vs-mexico-concacaf-cup-game/,"October 13, 2015"
Univision posts 5.1 million viewers for USA vs. Mexico CONCACAF Cup,https://worldsoccertalk.com/2015/10/12/univision-posts-5-1-million-viewers-for-usa-vs-mexico-concacaf-cup/,"October 12, 2015"
"US TV viewing figures for MLS, Liga MX, Premier League and other leagues for Oct. 2-4",https://worldsoccertalk.com/2015/10/09/us-tv-viewing-figures-for-mls-liga-mx-premier-league-and-others-for-oct-2-4/,"October 9, 2015"
Top 25 most-viewed soccer games on US TV for weekend of 9/25 to 9/27,https://worldsoccertalk.com/2015/09/30/top-25-most-viewed-soccer-games-on-us-tv-for-weekend-of-925-to-927/,"September 30, 2015"
Poor Bundesliga TV ratings illustrate a bigger problem for FOX Sports,https://worldsoccertalk.com/2015/09/23/poor-bundesliga-tv-ratings-illustrate-a-bigger-problem-for-fox-sports/,"September 23, 2015"
MLS takes big hit in TV ratings; What the poor numbers indicate,https://worldsoccertalk.com/2015/09/15/mls-takes-big-hit-in-tv-ratings-what-the-poor-numbers-indicate/,"September 15, 2015"
MLS TV ratings see unexpected boost in August on ESPN,https://worldsoccertalk.com/2015/09/06/mls-tv-ratings-see-unexpected-boost-in-august-on-espn/,"September 6, 2015"
Poor TV ratings for Bundesliga on FOX Sports continue to disappoint,https://worldsoccertalk.com/2015/09/05/poor-tv-ratings-for-bundesliga-on-fox-sports-continue-to-disappoint/,"September 5, 2015"
"Swansea City documentary ‘Jack to a King’ nets 340,000 viewers on NBC",https://worldsoccertalk.com/2015/08/21/swansea-city-documentary-jack-to-a-king-nets-340000-viewers-on-nbc/,"August 21, 2015"
Record 4.2 million tune in to watch NBC’s Premier League opening weekend coverage,https://worldsoccertalk.com/2015/08/11/record-4-2-million-tune-in-to-watch-nbcs-premier-league-opening-weekend-coverage/,"August 11, 2015"
"Univision Deportes Network beats ESPN2, FS1 and NBCSN in July TV ratings",https://worldsoccertalk.com/2015/07/28/univision-deportes-network-beats-espn2-fs1-and-nbcsn-in-july-tv-ratings/,"July 28, 2015"
MLS unable to generate TV ratings boost from Women’s World Cup,https://worldsoccertalk.com/2015/07/19/mls-unable-to-generate-tv-ratings-boost-from-womens-world-cup/,"July 19, 2015"
Viewing numbers for Gold Cup coverage on FOX and Univision continue to impress,https://worldsoccertalk.com/2015/07/17/viewing-numbers-for-gold-cup-coverage-on-fox-and-univision-continue-to-impress/,"July 17, 2015"
1.5 million tune in for Copa America final on beIN SPORTS,https://worldsoccertalk.com/2015/07/07/1-5-million-tune-in-for-copa-america-final-on-bein-sports/,"July 7, 2015"
25.4 million witness USA defeat Japan to win 2015 Women’s World Cup,https://worldsoccertalk.com/2015/07/06/25-4-million-witness-usa-defeat-japan-to-win-2015-womens-world-cup/,"July 6, 2015"
USA-Japan Women’s World Cup Final smashes record for most watched soccer game in US history,https://worldsoccertalk.com/2015/07/06/usa-japan-womens-world-cup-final-most-watched-game-in-us-history/,"July 6, 2015"
Japan-England Women’s World Cup semi-final scores 2.3 million viewers,https://worldsoccertalk.com/2015/07/02/japan-england-womens-world-cup-semi-final-scores-2-3-million-viewers/,"July 2, 2015"
beIN SPORTS’ coverage of Copa America quarter-finals reaches 3.8 million,https://worldsoccertalk.com/2015/07/02/bein-sports-coverage-of-copa-america-quarter-finals-reaches-3-8-million/,"July 2, 2015"
USA vs. Germany Women’s World Cup semi-final watched by 8.4 million,https://worldsoccertalk.com/2015/07/01/usa-vs-germany-womens-world-cup-semi-final-watched-by-8-4-million/,"July 1, 2015"
5.7 million watched USA-China Women’s World Cup game on FOX,https://worldsoccertalk.com/2015/06/27/5-7-million-watched-usa-china-womens-world-cup-game-on-fox/,"June 27, 2015"
beIN SPORTS coverage of Copa America Group Stage draws close to 14 million viewers,https://worldsoccertalk.com/2015/06/25/bein-sports-coverage-of-copa-america-group-stage-draws-close-to-14-million-viewers/,"June 25, 2015"
4.7 million people watched USA vs. Colombia Women’s World Cup game on FOX Sports 1,https://worldsoccertalk.com/2015/06/23/4-million-people-watched-usa-vs-colombia-womens-world-cup-game-on-fox-sports-1/,"June 23, 2015"
4.5 million people watched USA-Sweden Women’s World Cup game on FOX,https://worldsoccertalk.com/2015/06/14/4-5-million-people-watched-usa-sweden-womens-world-cup-game-on-fox/,"June 14, 2015"
Barca-Juve match posts second-highest TV ratings ever for Champions League final,https://worldsoccertalk.com/2015/06/10/barca-juve-match-posts-second-highest-tv-ratings-ever-for-champions-league-final/,"June 10, 2015"
FOX’s Women’s World Cup is off to a good start with 3.3 million viewers for USA game,https://worldsoccertalk.com/2015/06/10/foxs-womens-world-cup-is-off-to-a-good-start-with-3-3-million-viewers-for-usa-game/,"June 10, 2015"
Premier League viewing figures on NBC Sports increase 9% compared to last season,https://worldsoccertalk.com/2015/05/31/premier-league-viewing-figures-on-nbc-sports-increase-9-compared-to-last-season/,"May 31, 2015"
"Arsenal-Chelsea game nets 997,000 viewers on NBCSN",https://worldsoccertalk.com/2015/04/29/arsenal-chelsea-game-nets-997000-viewers-on-nbcsn/,"April 29, 2015"
1.4 million+ watched Chelsea-Man United and Arsenal-Reading on NBC and FOX last Saturday,https://worldsoccertalk.com/2015/04/23/more-than-1-4-million-watched-english-soccer-games-on-nbc-and-fox-last-saturday/,"April 23, 2015"
"FOX Sports 1 scores 806,000 viewers for USA-Mexico friendly",https://worldsoccertalk.com/2015/04/17/fox-sports-1-scores-806000-viewers-for-usa-mexico-friendly/,"April 17, 2015"
Manchester derby ranks as most-watched Premier League game in US cable TV history,https://worldsoccertalk.com/2015/04/14/manchester-derby-ranks-as-most-watched-premier-league-game-in-us-cable-tv-history/,"April 14, 2015"
"TV viewing numbers for soccer games on US television; March 16-22, 2015",https://worldsoccertalk.com/2015/03/24/tv-viewing-numbers-for-soccer-games-on-us-television-march-16-22-2015/,"March 24, 2015"
More than 2 million soccer fans watched el Clasico on beIN SPORTS in US,https://worldsoccertalk.com/2015/03/24/more-than-2-million-soccer-fans-watched-el-clasico-on-bein-sports-in-us/,"March 24, 2015"
MLS TV viewing figures are in for opening weekend of games,https://worldsoccertalk.com/2015/03/10/mls-tv-viewing-figures-are-in-for-opening-weekend-of-games/,"March 10, 2015"
FOX scores biggest viewing audience ever for Champions League Round of 16 game,https://worldsoccertalk.com/2015/02/26/fox-scores-biggest-viewing-audience-ever-for-champions-league-round-of-16-game/,"February 26, 2015"
Over half a million people watched PSG vs Chelsea on FOX Sports 1,https://worldsoccertalk.com/2015/02/20/over-half-a-million-people-watched-psg-vs-chelsea-on-fox-sports-1/,"February 20, 2015"
NBC broadcast of Chelsea-Manchester City delivers huge audience in US,https://worldsoccertalk.com/2015/02/05/nbc-broadcast-of-chelsea-manchester-city-delivers-huge-audience-in-us/,"February 5, 2015"
NBCSN Posts Record Numbers for New Year’s Day Premier League Coverage,https://worldsoccertalk.com/2015/01/08/nbcsn-posts-record-numbers-for-new-years-day-premier-league-coverage/,"January 8, 2015"
NBC Sports Releases Premier League Midseason Viewing Figures for 2014/15 Season,https://worldsoccertalk.com/2015/01/07/nbc-sports-releases-premier-league-midseason-viewing-figures-for-201415-season/,"January 7, 2015"
Men In Blazers TV Show is a Ratings Rollercoaster on NBCSN,https://worldsoccertalk.com/2015/01/06/men-in-blazers-tv-show-is-a-ratings-rollercoaster-on-nbcsn/,"January 6, 2015"
2014 MLS Cup Viewing Figures Increase By 91% on ESPN and 31% on UniMas,https://worldsoccertalk.com/2014/12/09/2014-mls-cup-viewing-figures-increase-by-91-on-espn-and-31-on-unimas/,"December 9, 2014"
NBCSN Scores Best-Ever TV Audience For Saturday Morning Premier League Match,https://worldsoccertalk.com/2014/12/09/nbcsn-scores-best-ever-tv-audience-for-saturday-morning-premier-league-match/,"December 9, 2014"
2014 MLS Cup Sees Increase In Viewership On ESPN,https://worldsoccertalk.com/2014/12/08/2014-mls-cup-sees-increase-in-viewership-on-espn/,"December 8, 2014"
Seattle Sounders Against LA Galaxy MLS Playoff Breaks 500K Audience Barrier,https://worldsoccertalk.com/2014/12/03/seattle-sounders-against-la-galaxy-mls-playoff-breaks-500k-audience-barrier/,"December 3, 2014"
NBC Broadcast of Arsenal-Manchester United Sets US TV Viewership Record,https://worldsoccertalk.com/2014/12/01/nbc-broadcast-of-arsenal-manchester-united-sets-us-tv-viewership-record/,"December 1, 2014"
USA-All Blacks Rugby Match Gets More TV Viewers Than Any MLS Game On NBC,https://worldsoccertalk.com/2014/11/21/usa-all-blacks-rugby-match-gets-more-tv-viewers-than-any-mls-game-on-nbc/,"November 21, 2014"
NBC Sees Net Gains in QPR-Man City and DC United-RBNY TV Viewing Audience Numbers,https://worldsoccertalk.com/2014/11/13/nbc-sees-net-gains-in-qpr-man-city-and-dc-united-rbny-tv-viewing-audience-numbers/,"November 13, 2014"
NBC Sets Record for Most-Watched Premier League Game On Network,https://worldsoccertalk.com/2014/10/30/nbc-sets-record-for-most-watched-premier-league-game-on-network/,"October 30, 2014"
Men In Blazers TV Ratings Are Literally Sub-Optimal,https://worldsoccertalk.com/2014/10/16/men-in-blazers-tv-ratings-are-literally-sub-optimal/,"October 16, 2014"
Premier League Coverage On NBC Scores Best Opening Weekend Ever,https://worldsoccertalk.com/2014/08/19/premier-league-coverage-on-nbc-scores-best-opening-weekend-ever/,"August 19, 2014"
12.4 Million Watched Brazil vs Germany World Cup Semifinal On US TV,https://worldsoccertalk.com/2014/07/09/12-4-million-watched-brazil-vs-germany-world-cup-semifinal-on-us-tv/,"July 9, 2014"
7 Most Revealing Facts About World Cup TV Viewing Numbers,https://worldsoccertalk.com/2014/07/07/7-most-revealing-facts-about-world-cup-tv-viewing-numbers/,"July 7, 2014"
7.1 Million People Watched Mexico Vs Croatia On Univision Deportes,https://worldsoccertalk.com/2014/06/25/7-1-million-people-watched-mexico-vs-brazil-on-univision-deportes/,"June 25, 2014"
USA-Portugal World Cup Game is Most-Watched Soccer Game In History Of US Television,https://worldsoccertalk.com/2014/06/23/usa-portugal-world-cup-game-is-most-watched-soccer-game-in-history-of-us-television/,"June 23, 2014"
More Than 11 Million Watch Mexico Against Brazil On Univision Deportes and ESPN,https://worldsoccertalk.com/2014/06/18/more-than-12-million-watch-mexico-against-brazil-on-univision-deportes/,"June 18, 2014"
USA-Ghana World Cup Game Breaks TV Viewing Records On ESPN and Univision Deportes,https://worldsoccertalk.com/2014/06/17/usa-ghana-world-cup-game-breaks-tv-viewing-records-on-espn-and-univision-deportes/,"June 17, 2014"
Mexico’s 1-0 Victory Against Cameroon Viewed By 5 Million On Univision,https://worldsoccertalk.com/2014/06/14/mexicos-1-0-victory-against-cameroon-viewed-by-5-million-on-univision/,"June 14, 2014"
A Record 5.1 Million People Watched Brazil vs Croatia On Univision,https://worldsoccertalk.com/2014/06/13/a-record-5-1-million-people-watch-brazil-vs-croatia-on-univision/,"June 13, 2014"
World Cup Opening Game Scores Big Numbers On Univision and ESPN,https://worldsoccertalk.com/2014/06/13/world-cup-opening-game-scores-big-numbers-on-univision-and-espn/,"June 13, 2014"
1.9 Million Viewers Watch 2014 UEFA Champions League Final On FOX,https://worldsoccertalk.com/2014/05/30/1-9-million-viewers-watch-2014-uefa-champions-league-final-on-fox/,"May 30, 2014"
NBC Scores Big with 31 Million Total Viewers of 2013-2014 Premier League Season,https://worldsoccertalk.com/2014/05/15/nbc-scores-big-with-31-million-total-viewers-of-2013-2014-premier-league-season/,"May 15, 2014"
Liverpool-Chelsea Game On NBCSN Most-Watched Early Match in U.S. History,https://worldsoccertalk.com/2014/04/29/liverpool-chelsea-game-on-nbcsn-most-watched-early-match-in-u-s-history/,"April 29, 2014"
Gus Johnson Fails to Give FOX Sports 1’s Soccer Ratings a Boost,https://worldsoccertalk.com/2014/04/29/gus-johnson-not-giving-fox-sports-1s-soccer-ratings-a-boost/,"April 29, 2014"
Premier League Match On NBCSN Attracts More Viewers Than Baseball Games on FOX Sports 1,https://worldsoccertalk.com/2014/04/08/premier-league-match-on-nbcsn-attracts-more-viewers-than-baseball-games-on-fox-sports-1/,"April 8, 2014"
Popularity of Premier League On US TV Boosts NBCSN’s Numbers,https://worldsoccertalk.com/2014/04/02/popularity-of-premier-league-on-us-tv-boosts-nbcsns-numbers/,"April 2, 2014"
NBC Delivers Most-Watched Premier League Sunday Doubleheader Ever On US Cable,https://worldsoccertalk.com/2014/03/18/nbc-delivers-most-watched-premier-league-sunday-doubleheader-ever-on-us-cable/,"March 18, 2014"
Barcelona-Manchester City Sets Record For Most-Watched Soccer Game On FOX Sports 1,https://worldsoccertalk.com/2014/03/13/barcelona-manchester-city-sets-record-for-most-watched-soccer-game-on-fox-sports-1/,"March 13, 2014"
Premier League and NBC Enjoy Most-Watched Month Ever In US History,https://worldsoccertalk.com/2014/03/03/premier-league-and-nbc-enjoy-most-watched-month-ever-in-us-history/,"March 3, 2014"
Arsenal-Liverpool FA Cup Game Sets Record Viewing Audience On FOX Sports 2,https://worldsoccertalk.com/2014/02/21/arsenal-liverpool-fa-cup-game-sets-record-viewing-audience-on-fox-sports-2/,"February 21, 2014"
NBC Breaks Its Record After 1.2 Million Watch Swansea vs Cardiff On US TV,https://worldsoccertalk.com/2014/02/13/nbc-breaks-its-record-after-1-2-million-watch-swansea-vs-cardiff-on-us-tv/,"February 13, 2014"
NBC Scores Record Overnight Rating of 2013/14 Premier League Season Thus Far,https://worldsoccertalk.com/2014/02/10/nbc-scores-record-overnight-rating-of-201314-premier-league-season-thus-far/,"February 10, 2014"
More Than 1 Million Soccer Fans In US Watched NBCSN’s Coverage of Chelsea-Manchester United,https://worldsoccertalk.com/2014/01/22/more-than-1-million-soccer-fans-in-us-watched-nbcsns-coverage-of-chelsea-manchester-united/,"January 22, 2014"
ESPN Banks On TV Ratings In Appointment Of Ian Darke Over Martin Tyler For World Cup,https://worldsoccertalk.com/2014/01/09/espn-banks-on-tv-ratings-in-appointment-of-ian-darke-over-martin-tyler-for-world-cup/,"January 9, 2014"
More Than 700K Watch Manchester City vs Liverpool On NBCSN to Set Boxing Day Record,https://worldsoccertalk.com/2013/12/30/more-than-700k-watch-manchester-city-vs-liverpool-on-nbcsn-to-set-boxing-day-record/,"December 30, 2013"
Record Audience for ESPN2’s FIFA World Cup Draw: Nightly Soccer Report,https://worldsoccertalk.com/2013/12/10/record-audience-for-espn2s-fifa-world-cup-draw-nightly-soccer-report/,"December 10, 2013"
MLS Cup 2013 Down 44% In Viewership; Sets Record As Least-Viewed MLS Cup Ever,https://worldsoccertalk.com/2013/12/10/mls-cup-2013-down-44-in-viewership-sets-record-as-least-viewed-mls-cup-ever/,"December 10, 2013"
Manchester United-Arsenal Game On NBCSN Scores 3rd Most Viewers Ever For EPL Game On Cable,https://worldsoccertalk.com/2013/11/12/manchester-united-arsenal-game-on-nbcsn-scores-3rd-most-viewers-ever-for-epl-game-on-cable/,"November 12, 2013"
10 Most-Watched Premier League Games This Season On NBC,https://worldsoccertalk.com/2013/11/08/10-most-watched-premier-league-games-this-season-on-nbc/,"November 8, 2013"
Arsenal-Liverpool Game Breaks Record for Most-Watched Premier League Match On NBC,https://worldsoccertalk.com/2013/11/07/arsenal-liverpool-game-breaks-record-for-most-watched-premier-league-match-on-nbc/,"November 7, 2013"
Recent TV Viewing Audience Numbers Offer MLS A Ray Of Hope,https://worldsoccertalk.com/2013/11/01/recent-tv-viewing-audience-numbers-offer-mls-a-ray-of-hope/,"November 1, 2013"
"UniMás Broadcast of Mexico-Panama Match Outdelivers Baseball Playoffs, College Football and NFL: Nightly Soccer Report",https://worldsoccertalk.com/2013/10/14/unimas-broadcast-of-mexico-panama-match-outdelivers-baseball-playoffs-college-football-and-nfl-nightly-soccer-report/,"October 14, 2013"
Nearly 10 Million Tune In to NBC Sports Group’s Premier League Coverage,https://worldsoccertalk.com/2013/09/25/nearly-10-million-tune-in-to-nbc-sports-groups-premier-league-coverage/,"September 25, 2013"
Record Audience of 852k Watched Manchester City vs Manchester United on NBCSN,https://worldsoccertalk.com/2013/09/24/record-audience-of-852k-watched-manchester-city-vs-manchester-united-on-nbcsn/,"September 24, 2013"
NBC Scores Record 917k Viewers For Everton vs Chelsea Match On US Television,https://worldsoccertalk.com/2013/09/19/nbc-scores-record-917k-viewers-for-everton-vs-chelsea-match-on-us-television/,"September 19, 2013"
USA vs. Mexico World Cup Qualifier on UniMás Draws 7.5 Million Total Viewers: Daily Soccer Report,https://worldsoccertalk.com/2013/09/12/usa-vs-mexico-world-cup-qualifier-on-unimas-draws-7-5-million-total-viewers-daily-soccer-report/,"September 12, 2013"
"Manchester United vs Chelsea Match Drew 536,000 Viewers On NBCSN",https://worldsoccertalk.com/2013/08/27/manchester-united-vs-chelsea-match-drew-536000-viewers-on-nbcsn/,"August 27, 2013"
US Record 3.4 Million Tune In to NBC’s Opening Weekend of Premier League Coverage,https://worldsoccertalk.com/2013/08/20/us-record-3-4-million-tune-to-nbcs-opening-weekend-of-premier-league-coverage/,"August 20, 2013"
NBC Scores Highest Overnight Rating in U.S. History for Premier League Opener,https://worldsoccertalk.com/2013/08/18/nbc-scores-highest-overnight-rating-in-u-s-history-for-premier-league-opener/,"August 18, 2013"
6.4 Million Watch Brazil Against Spain in Confederations Cup on Univision,https://worldsoccertalk.com/2013/07/01/6-4-million-watch-brazil-against-spain-in-confederations-cup-on-univision/,"July 1, 2013"
1.4 Million Viewers Watched UEFA Champions League Final On FOX,https://worldsoccertalk.com/2013/05/31/1-4-million-viewers-watched-uefa-champions-league-final-on-fox/,"May 31, 2013"
"460,000 Fans Watch Manchester United-Chelsea FA Cup Match on FOX Soccer in US",https://worldsoccertalk.com/2013/03/13/460000-fans-watch-manchester-united-chelsea-fa-cup-match-on-fox-soccer-in-us/,"March 13, 2013"
"FOX Soccer Nets 520,000 Viewers for Live Broadcast of Man United-Real Madrid",https://worldsoccertalk.com/2013/03/08/fox-soccer-nets-520000-viewers-for-live-broadcast-of-man-united-real-madrid/,"March 8, 2013"
FOX Soccer’s Real Madrid-Manchester United Broadcast Nets 451K Viewers,https://worldsoccertalk.com/2013/02/20/fox-soccers-real-madrid-manchester-united-broadcast-nets-451k-viewers/,"February 20, 2013"
FOX’s Coverage of West Ham-Man Utd FA Cup Match Nets 887k Viewers,https://worldsoccertalk.com/2013/01/10/foxs-coverage-of-west-ham-man-utd-fa-cup-match-nets-887k-viewers/,"January 10, 2013"
FOX’s Liverpool-Newcastle Broadcast Scores More Than 1 Million Viewers On Tape Delay,https://worldsoccertalk.com/2012/11/10/foxs-liverpool-newcastle-broadcast-scores-more-than-1-million-viewers-on-tape-delay/,"November 10, 2012"
Newcastle-Man United Almost Breaks Viewing Audience Record For EPL Match On US TV,https://worldsoccertalk.com/2012/10/12/newcastle-man-united-almost-breaks-viewing-audience-record-for-epl-match-on-us-tv/,"October 12, 2012"
1 Million Watch Liverpool vs Manchester United Tape Delayed On FOX,https://worldsoccertalk.com/2012/10/05/1-million-watch-liverpool-vs-manchester-united-tape-delayed-on-fox/,"October 5, 2012"
ESPN’s Coverage Of Arsenal-Sunderland Sees 48% Increase In Number Of Viewers,https://worldsoccertalk.com/2012/08/23/espns-coverage-of-arsenal-sunderland-sees-48-increase-in-number-of-viewers/,"August 23, 2012"
ESPN’s UEFA EURO 2012 Audience up 51 Percent vs. 2008,https://worldsoccertalk.com/2012/07/03/espns-uefa-euro-2012-audience-up-51-percent-vs-2008/,"July 3, 2012"
England vs Italy Hits 3 Million Viewers On ESPN To Break Euro Record,https://worldsoccertalk.com/2012/06/26/england-vs-italy-hits-3-million-viewers-on-espn-to-break-euro-record/,"June 26, 2012"
ESPN’s Euro 2012 Viewer Numbers Up 82 Percent Compared to Euro 2008,https://worldsoccertalk.com/2012/06/21/espns-euro-2012-viewer-numbers-up-82-percent-compared-to-euro-2008/,"June 21, 2012"
FOX and ESPN’s Premier League Season Finale Coverage Tops 1.3 Million Viewers In US,https://worldsoccertalk.com/2012/05/16/foxs-premier-league-season-finale-coverage-tops-1-3-million-viewers-in-us/,"May 16, 2012"
"Manchester City vs QPR Premier League Season Finale Nets 600,000 Viewers On ESPN2",https://worldsoccertalk.com/2012/05/15/manchester-city-vs-qpr-premier-league-season-finale-nets-600000-viewers-on-espn2/,"May 15, 2012"
2012 FA Cup Final On FOX Soccer Breaks Record For Most Viewed Match,https://worldsoccertalk.com/2012/05/10/2012-fa-cup-final-on-fox-soccer-breaks-record-for-most-viewed-match/,"May 10, 2012"
ESPN Breaks US Cable TV Record As More Than 1 Million Viewers Watch Manchester EPL Derby,https://worldsoccertalk.com/2012/05/01/espn-breaks-us-cable-tv-record-as-more-than-1-million-viewers-watch-manchester-epl-derby/,"May 1, 2012"
1.1 Million Watch Chelsea Beat Barcelona On FX and FOX Deportes In United States,https://worldsoccertalk.com/2012/04/23/1-1-million-watch-chelsea-beat-barcelona-on-fx-and-fox-deportes-in-united-states/,"April 23, 2012"
MLS Debut On NBC Sports Scores Disappointing 82K Viewers,https://worldsoccertalk.com/2012/03/13/mls-debut-on-nbc-sports-scores-disappointing-82k-viewers/,"March 13, 2012"
1.377 Million Viewers Tuned In to FOX to Watch Chelsea vs Man Utd On Super Bowl Sunday,https://worldsoccertalk.com/2012/02/09/1-377-million-viewers-tuned-in-to-fox-to-watch-chelsea-vs-man-utd-on-super-bowl-sunday/,"February 9, 2012"
1.3 Million Viewers Watched Arsenal-Manchester United On FOX,https://worldsoccertalk.com/2012/01/26/1-3-million-viewers-watched-arsenal-manchester-united-on-fox/,"January 26, 2012"
FOX Breaks Record For Most-Watched English Premier League Game In U.S. TV History,https://worldsoccertalk.com/2011/11/23/fox-breaks-record-for-most-watched-english-premier-league-game-in-u-s-tv-history/,"November 23, 2011"
FOX and EPL Win Soccer TV Ratings War Against MLS and ESPN,https://worldsoccertalk.com/2011/11/21/fox-and-epl-win-soccer-tv-ratings-war-against-mls-and-espn/,"November 21, 2011"
"ESPN2’s Coverage of Liverpool Against Man Utd Nets 456,000 Viewers",https://worldsoccertalk.com/2011/10/21/espn2s-coverage-of-liverpool-against-man-utd-nets-456000-viewers/,"October 21, 2011"
FOX Draws Audience of 2.1 Million for Spurs Against Arsenal TV Broadcast,https://worldsoccertalk.com/2011/10/04/fox-draws-audience-of-2-1-million-for-spurs-against-arsenal-tv-broadcast/,"October 4, 2011"
Nearly 2.5 Million Watch Man Utd vs Chelsea on U.S. Television,https://worldsoccertalk.com/2011/09/22/nearly-2-5-million-watch-man-utd-vs-chelsea-on-u-s-television/,"September 22, 2011"
US-Mexico Friendly Was Highest Rated Show in Key Demographics,https://worldsoccertalk.com/2011/08/12/us-mexico-friendly-was-highest-rated-show-in-key-demographics/,"August 12, 2011"
Barcelona vs Man Utd Is Most Watched Champions League Final in U.S. History,https://worldsoccertalk.com/2011/06/02/barcelona-vs-man-utd-is-most-watched-champions-league-final-in-us-history/,"June 2, 2011"
Fox Soccer Channel Scores Record Ratings With Man United vs Man City,https://worldsoccertalk.com/2011/02/16/fox-soccer-channel-scores-record-ratings-with-man-united-vs-man-city/,"February 16, 2011"
Fox Soccer Channel Sets New Record For Chelsea vs Liverpool Telecast,https://worldsoccertalk.com/2011/02/09/fox-soccer-channel-sets-new-record-for-chelsea-vs-liverpool-telecast/,"February 9, 2011"
ESPN2 Breaks Record for Most Viewed EPL Game In US History,https://worldsoccertalk.com/2011/01/05/espn2-breaks-record-for-most-viewed-epl-game-in-us-history/,"January 5, 2011"
Premier League Surpasses MLS As America’s League To Watch On TV,https://worldsoccertalk.com/2010/12/17/premier-league-surpasses-mls-as-americas-league-to-watch-on-tv/,"December 17, 2010"
Man United v Arsenal TV Audience Breaks EPL Record In U.S.,https://worldsoccertalk.com/2010/12/16/man-united-v-arsenal-tv-audience-breaks-epl-record-in-u-s/,"December 16, 2010"
MLS 2010 Season Viewership Down 12% on ESPN2,https://worldsoccertalk.com/2010/10/31/mls-2010-season-viewership-down-12-on-espn2/,"October 31, 2010"
ESPN and Fox Soccer Channel See Bounce in EPL TV Ratings,https://worldsoccertalk.com/2010/08/18/espn-and-fox-soccer-channel-see-bounce-in-epl-tv-ratings/,"August 18, 2010"
Major League Soccer is losing the television ratings battle,https://worldsoccertalk.com/2010/08/05/major-league-soccer-is-losing-the-tv-ratings-battle/,"August 5, 2010"
2010 World Cup Final: The Most Watched Soccer Game In U.S. History,https://worldsoccertalk.com/2010/07/13/2010-world-cup-final-the-most-watched-soccer-game-in-u-s-history/,"July 13, 2010"
Record Ratings for ABC and Univision World Cup TV Broadcasts,https://worldsoccertalk.com/2010/06/28/record-ratings-for-abc-and-univision-world-cup-tv-broadcasts/,"June 28, 2010"
World Cup TV Ratings Break New Records On ESPN and Univision,https://worldsoccertalk.com/2010/06/19/world-cup-tv-ratings-break-new-records-on-espn-and-univision/,"June 19, 2010"
England v USA Viewing Audience Beats First 4 Games Of NBA Finals,https://worldsoccertalk.com/2010/06/14/england-usa-viewing-audience-beats-first-four-games-nba-finals/,"June 14, 2010"
USA v England World Cup Game Draws Big Ratings On ABC: Updated,https://worldsoccertalk.com/2010/06/13/usa-v-england-world-cup-game-draws-a-9-0-tv-rating-on-abc/,"June 13, 2010"
ESPN Deportes Scores Big with El Clásico,https://worldsoccertalk.com/2010/04/19/espn-deportes-scores-big-with-el-clasico/,"April 19, 2010"
Man United v Chelsea TV Audience Breaks EPL Record In US,https://worldsoccertalk.com/2010/04/06/man-united-v-chelsea-tv-audience-breaks-epl-record-in-us/,"April 6, 2010"
How Major League Soccer Is Losing The TV War in the United States,https://worldsoccertalk.com/2010/03/09/how-major-league-soccer-is-losing-the-tv-war-in-the-united-states/,"March 9, 2010"
It’s Official: The Champions League Final Is Bigger Than the Super Bowl,https://worldsoccertalk.com/2010/02/01/its-official-the-champions-league-final-is-bigger-than-the-super-bowl/,"February 1, 2010"
Nielsen Ratings for Portsmouth v Liverpool on ESPN2,https://worldsoccertalk.com/2009/12/24/nielsen-ratings-for-portsmouth-v-liverpool-on-espn2/,"December 24, 2009"
"EPL TV Ratings On ESPN2: Aug 15 to Dec 5, 2009",https://worldsoccertalk.com/2009/12/11/epl-tv-ratings-on-espn2-aug-15-to-dec-5-2009/,"December 11, 2009"
MLS Playoff Ratings on ESPN2 Continue to Beat Premier League,https://worldsoccertalk.com/2009/11/11/mls-playoff-ratings-on-espn2-continue-to-beat-premier-league/,"November 11, 2009"
Arsenal v Spurs ESPN2 TV Ratings Revealed,https://worldsoccertalk.com/2009/11/05/arsenal-v-spurs-espn2-tv-ratings-revealed/,"November 5, 2009"
MLS Outperforming EPL on American TV,https://worldsoccertalk.com/2009/11/02/mls-outperforming-epl-on-american-tv/,"November 2, 2009"
TV Fees – The Key to MLS’ Future,https://worldsoccertalk.com/2009/09/03/tv-fees-the-key-to-mls-future/,"September 3, 2009"
Nielsen Ratings For Chelsea v Burnley ESPN2 Game,https://worldsoccertalk.com/2009/09/02/nielsen-ratings-for-chelsea-v-burnley-espn2-game/,"September 2, 2009"
MLS’ TV Problem: Discussing Possible Solutions,https://worldsoccertalk.com/2009/08/26/mls-tv-problem-discussing-possible-solutions/,"August 26, 2009"
ESPN2 Scores Record TV Ratings For Wigan v Man United,https://worldsoccertalk.com/2009/08/25/espn2-scores-record-tv-ratings-for-wigan-v-man-united/,"August 25, 2009"
ESPN Reveals TV Ratings For EPL Debut Of Chelsea v Hull City,https://worldsoccertalk.com/2009/08/18/espn-reveals-tv-ratings-for-epl-debut-of-chelsea-v-hull-city/,"August 18, 2009"
"Quick Hits: TV Ratings, All Star Mania, CONCACAF, Etc",https://worldsoccertalk.com/2009/07/30/quick-hits-tv-ratings-all-star-mania-concacaf-etc/,"July 30, 2009"
WPS and EPL Big Winners for FOX in Ratings Game,https://worldsoccertalk.com/2009/06/09/wps-and-epl-big-winners-for-fox-in-ratings-game/,"June 9, 2009"
"Fox Soccer Channel Averages 90,000 Viewers For Premier League",https://worldsoccertalk.com/2009/06/09/fox-soccer-channel-averages-90000-viewers-for-premier-league/,"June 9, 2009"
Champions League Final Ratings Up 30%,https://worldsoccertalk.com/2009/05/31/champions-league-final-ratings-up-30-anglophiles-weep/,"May 31, 2009"
US-Mexico Smashes Viewership Records,https://worldsoccertalk.com/2009/02/13/us-mexico-smashes-viewership-records/,"February 13, 2009"
"Fox Soccer Channel Nets 230,000 Viewers For EPL Match",https://worldsoccertalk.com/2009/02/05/fox-soccer-channel-nets-230000-viewers-for-epl-match/,"February 5, 2009"
"Fox Drew 243,000 TV Viewers For Man Utd v Chelsea Game",https://worldsoccertalk.com/2009/01/26/fox-drew-243000-tv-viewers-for-man-utd-v-chelsea-game/,"January 26, 2009"
MLS Thursday is no more,https://worldsoccertalk.com/2009/01/19/mls-thursday-is-no-more/,"January 19, 2009"
MLS Cup Ratings Fall: A Call to Action,https://worldsoccertalk.com/2008/11/28/mls-cup-ratings-fall-a-call-to-action/,"November 28, 2008"
MLS on ESPN/ABC Continues to Underwhelm,https://worldsoccertalk.com/2008/11/26/mls-on-espnabc-continues-to-underwhelm/,"November 26, 2008"
MLS on ESPN Continues to Underwhelm,https://worldsoccertalk.com/2008/11/26/mls-on-espn-continues-to-underwhelm/,"November 26, 2008"
MLS TV Ratings Worrying,https://worldsoccertalk.com/2008/11/09/mls-tv-ratings-worrying/,"November 9, 2008"
MLS TV Ratings Continue Decline,https://worldsoccertalk.com/2008/11/09/mls-tv-ratings-continue-decline/,"November 9, 2008"
Massive Worldwide TV Ratings Expected for Arsenal v Man United,https://worldsoccertalk.com/2008/11/06/massive-worldwide-tv-ratings-expected-for-arsenal-v-man-united/,"November 6, 2008"
ABC Gets 3.1 Overnight Rating For Spain-Germany Final: So What's Next For ESPN?,https://worldsoccertalk.com/2008/07/01/abc-gets-31-overnight-rating-for-spain-germany-final-so-whats-next-for-espn/,"July 1, 2008"
Spain-Italy Most Watched Match So Far And Other ESPN Euro Ratings News,https://worldsoccertalk.com/2008/06/27/spain-italy-most-watched-match-so-far-and-other-espn-euro-ratings-news/,"June 27, 2008"
ESPN2 Sees 64% Increase in Households For Euro '08 Over Network Average,https://worldsoccertalk.com/2008/06/19/espn2-sees-64-increase-in-households-for-euro-08-over-network-average/,"June 19, 2008"
UK TV Ratings For Champions League Final,https://worldsoccertalk.com/2008/05/22/uk-tv-ratings-for-champions-league-final/,"May 22, 2008"
David Beckham debut causes TV ratings jump,https://worldsoccertalk.com/2007/08/10/beckham-debut-causes-ratings-jump/,"August 10, 2007"
